,Time,omg,Q,S,F0,FEst,Flux
0,48362.55734049743,0.8201383392040053,1885706500538418.0,10593.341171557095,0.1305293509959794,0.130529070703495,0.0440195091068744
1,48365.99498194198,0.8201405237212789,1886961137324873.5,10593.341041993319,0.13052963340728746,0.1305294183802174,0.0372858196496963
2,48369.996226460185,0.8201383606790029,1886222686376272.8,10593.076519614786,0.1305289056874912,0.13052907412134704,0.0401581861078739
3,48373.995942064976,0.8201362793999982,1886282069169753.5,10592.126686890482,0.1305285888462132,0.13052874287550548,0.0419366769492626
4,48378.00592115695,0.8201346058976346,1886000721466953.0,10591.93386011015,0.1305284549145603,0.13052847652933205,0.0429401285946369
5,48381.9952665326,0.8201335773662991,1884485618087552.5,10598.511476395885,0.1305286145219986,0.13052831283348587,0.0527586378157138
6,48386.01047254514,0.8201319971788875,1885098019893836.0,10599.209264228166,0.1305280827157904,0.1305280613388483,0.0570400804281234
7,48390.00829152617,0.8201304496412152,1885210278599660.0,10601.366049490263,0.1305278730547979,0.13052781504057812,0.0586775317788124
8,48393.994057674165,0.8201288837485707,1885373860100111.2,10602.771823941062,0.130527588784768,0.13052756582102343,0.0611189045011997
9,48397.99559836884,0.8201268256609099,1887538245325500.0,10574.888248865558,0.1305266921856981,0.1305272382661989,0.0495348572731018
10,48402.00471226733,0.8201247368101535,1888624100036208.2,10537.096385097608,0.1305265734161471,0.13052690581527562,0.0616739690303802
11,48405.99418795366,0.8201235727618814,1884493426437171.8,10586.23703685088,0.1305268868216978,0.13052672055123912,0.0752906575798988
12,48409.998241315574,0.8201219024283165,1885553179628360.5,10578.719196051714,0.1305264260861719,0.13052645470939564,0.0709235370159149
13,48413.99419975076,0.820120215932409,1886096682666046.5,10568.244115837042,0.1305261273464056,0.13052618629523546,0.0623464919626712
14,48417.99493454989,0.8201185895848673,1885890743482906.2,10567.731939738966,0.1305259205036832,0.13052592745398503,0.0510545894503593
15,48422.00416708265,0.8201166463677205,1888035307669576.2,10498.36753947111,0.1305253718997096,0.1305256181813706,0.063730351626873
16,48425.99997163768,0.8201149179476763,1887304562939837.0,10477.190764994742,0.1305252262152268,0.13052534309477684,0.0692631527781486
17,48429.99419985954,0.8201132208954673,1886808763049286.0,10460.931223067404,0.1305249510789151,0.1305250730005291,0.0524652786552906
18,48438.0195033795,0.8201097627941242,1885021893527416.0,10412.68050841505,0.1305241300278243,0.13052452262660663,0.0464876517653465
19,48442.00518650905,0.8201084355441217,1884880029968132.0,10503.442975009999,0.1305246662919348,0.130524311388208,0.0518823973834514
20,48445.99689017532,0.8201063512257182,1887101448455524.5,10369.267122976347,0.1305236052025073,0.1305239796586311,0.0518634840846061
21,48450.00644263701,0.820104520884525,1887043350959989.0,10318.957166833803,0.13052356488217953,0.13052368835078268,0.067664161324501
22,48453.99742343669,0.8201026434739533,1887202803474594.0,10260.701797152542,0.1305231000317351,0.13052338955160997,0.0409664213657379
23,48457.994982100594,0.8201010477258035,1885983674114649.8,10283.93396575531,0.1305231852048476,0.130523135580404,0.0549888387322425
24,48461.996499038556,0.8200995308057138,1885119407329698.2,10330.438908601203,0.1305229620382754,0.13052289415507345,0.0557504147291183
25,48465.99649900153,0.8200980027260872,1884817609123170.0,10370.98861963939,0.1305227304778695,0.13052265095364743,0.0556222014129161
26,48469.99534935751,0.8200959947495926,1887258636617417.2,10257.114709051275,0.1305221978793771,0.1305223313742627,0.0676764324307441
27,48474.00312411886,0.8200935908645803,1890847652127973.8,10011.227826997309,0.1305212872994141,0.13052194878408035,0.0571225695312023
28,48477.99569310704,0.8200920680692032,1886638194194103.5,10078.186764186254,0.1305221876416084,0.13052170642366878,0.0464134812355041
29,48482.00923979158,0.8200900577481733,1887907600359958.2,9971.945619476364,0.1305209024075755,0.1305213864711397,0.0379336401820182
30,48485.998893191434,0.8200882482517935,1887078827415594.8,9944.97250056005,0.1305209712324448,0.13052109848084634,0.0473161526024341
31,48490.00302930449,0.8200866616169854,1885591199329530.8,9993.900449432376,0.1305211101500537,0.13052084596007374,0.0486039482057094
32,48494.016919675356,0.8200850057076753,1885333103330702.2,10020.266377982985,0.1305206463982791,0.13052058241392173,0.0492996722459793
33,48497.99997165668,0.82008348411073,1884762731212606.2,10081.657137877497,0.1305205161715916,0.13052034024424647,0.0498227477073669
34,48501.99850216259,0.8200818824238891,1884902924707327.8,10115.276599643825,0.1305201965069793,0.13052008532786846,0.0472313240170478
35,48505.99920130467,0.82008024488425,1885117347414372.0,10137.238549988222,0.1305198785696798,0.1305198247053404,0.0491476692259311
36,48510.00006636161,0.8200785282923161,1885568622890573.0,10130.41942341446,0.130519515169038,0.13051955150124883,0.0470910742878913
37,48513.99882191204,0.8200774390704193,1883352031116013.0,10318.596081338093,0.1305196608880107,0.13051937814619985,0.0445060469210147
38,48517.999971583624,0.8200755613562288,1885680614676431.0,10246.790675967666,0.1305190112809464,0.1305190792987047,0.0799750015139579
39,48522.00055230268,0.8200741201114913,1884481307498448.5,10326.478521560544,0.1305190160341331,0.13051884991748053,0.0582415834069252
40,48525.99998338711,0.8200726653800249,1884181226635021.2,10389.344662244099,0.1305187194452128,0.1305186183897768,0.06592458486557
41,48529.99997160543,0.8200711818075374,1884140784299820.0,10443.982294835956,0.1305184745847711,0.13051838227188195,0.0678813531994819
42,48534.01213155416,0.8200693961320092,1885917101841579.2,10396.447431652874,0.1305180259109992,0.1305180980727949,0.0772459879517555
43,48538.001370321086,0.8200678474122063,1885248917668880.2,10425.749840354127,0.1305179481445026,0.1305178515863828,0.0622210502624511
44,48541.99997172563,0.820066252981353,1885322516363407.8,10436.91825239092,0.1305176398524991,0.13051759782483108,0.0644585490226745
45,48546.00105011144,0.8200642334655481,1887902542431616.5,10300.773133985562,0.1305170407053988,0.13051727640890806,0.0699237212538719
46,48550.004996711614,0.8200623200623793,1888010208372126.5,10220.535644765177,0.1305167412979295,0.13051697188133565,0.0570867955684661
47,48554.01146782305,0.8200607879849586,1885793456285421.0,10273.615149276393,0.1305169829943914,0.13051672804364092,0.0573361627757549
48,48558.016445601024,0.8200592740348729,1884877816976048.8,10329.990732860735,0.1305166322752876,0.1305164870910012,0.0660808011889457
49,48562.0439657963,0.8200578298013533,1884174566592140.2,10411.36559855649,0.1305164397693716,0.13051625723409757,0.0537167191505432
50,48566.00345602337,0.8200564784926584,1883608797858645.5,10507.298421831416,0.1305163842446761,0.13051604216663915,0.0492519810795784
51,48570.009239732084,0.8200547676775948,1885291270331471.5,10476.487871902738,0.1305156874293966,0.13051576988196503,0.0500278808176517
52,48574.00461748957,0.8200533321974958,1884533073079362.2,10546.7309745112,0.1305156957247347,0.13051554141821156,0.0545852221548557
53,48578.00603967597,0.8200514055142302,1886743644376882.0,10440.892686627047,0.1305149865837413,0.1305152347770461,0.0560510419309139
54,48582.01146782434,0.82004955645664,1887156108434208.0,10370.967826201799,0.130514619713198,0.13051494049039056,0.0512309223413467
55,48586.01490486195,0.8200479988988548,1885826233823859.8,10405.88221657249,0.1305148170643095,0.13051469259736986,0.0484245643019676
56,48590.01760708459,0.8200463655228156,1885689936151860.8,10411.403474979961,0.130514440240522,0.13051443263749932,0.0452966317534446
57,48594.0196930103,0.8200445254051257,1886607652956085.0,10345.855415929725,0.1305138387943533,0.1305141397736731,0.0352203287184238
58,48602.02192115788,0.8200415952964917,1887431592062384.8,10464.16864595066,0.13051381756501967,0.1305136734324002,0.0736652612686157
59,48606.02158930568,0.8200399442551319,1886434172387157.2,10462.285352923695,0.1305133947752291,0.13051341066100655,0.0467230044305324
60,48610.01978782376,0.820038673345737,1884739706876130.5,10582.302037059866,0.1305133821197445,0.13051320838949412,0.0669789910316467
61,48614.01502337892,0.8200368293925119,1886234053547641.0,10510.85218569801,0.1305128247653278,0.13051291491522352,0.0734604224562645
62,48618.008078222396,0.8200346235887673,1888712511256103.8,10326.954108734704,0.1305122001925788,0.13051256385065407,0.0529731325805187
63,48622.00229456127,0.8200330551291785,1886485746619978.0,10356.596379830436,0.1305123563615887,0.13051231422255746,0.0624664016067981
64,48626.00344425037,0.8200313302705342,1886432456587053.0,10333.988192493756,0.13051196798392997,0.1305120397027781,0.051086775958538
65,48630.00344430793,0.8200297182709634,1885681007287826.2,10354.000110240911,0.130511824225124,0.13051178314507814,0.0596549734473228
66,48634.00137027633,0.8200283196914016,1884215101361013.8,10442.742626868756,0.1305119388902055,0.13051156055422755,0.0553404465317726
67,48638.00287547838,0.8200268496522154,1884188887782460.2,10499.895466957329,0.1305115080465888,0.13051132659022455,0.0547314882278442
68,48642.00196287185,0.820025277623208,1884737043640911.8,10522.685310325836,0.13051112741219037,0.13051107639403733,0.0620378777384758
69,48646.001322822005,0.8200235818097081,1885611021429480.5,10502.58432158733,0.1305106117386117,0.13051080649693628,0.0493472255766391
70,48650.02964856557,0.8200220571637986,1885074912460557.8,10546.046912037324,0.1305108666519251,0.13051056384200332,0.0470522604882717
71,48654.023770047075,0.8200201096690515,1886882576487348.8,10435.015987828954,0.1305098873964299,0.13051025388858764,0.0451459139585495
72,48658.01646930673,0.8200183228381906,1886794632752722.0,10387.806822717326,0.1305096464975242,0.13050996950562369,0.0620593652129173
73,48662.007390788334,0.8200171316693151,1884452874355458.8,10531.004032697012,0.1305101725776558,0.1305097799252091,0.0598802156746387
74,48666.00118046664,0.8200148156726326,1887854880913207.8,10304.512616115155,0.1305091036879775,0.13050941132288887,0.0556397587060928
75,48670.01213165704,0.8200136196978823,1884584753042009.0,10463.480448678323,0.1305096487388923,0.13050922097759557,0.0557827912271022
76,48674.001299015785,0.8200122184858878,1884197504407679.5,10542.72646153946,0.1305093652511945,0.13050899796778032,0.0319016724824905
77,48677.99881005685,0.8200103931394439,1885976429372263.5,10473.649840058813,0.13050859524094427,0.13050870745487092,0.0551873743534088
78,48682.0011567873,0.8200086310421711,1886389439750458.0,10432.098626889054,0.130508332781698,0.13050842700837975,0.0528446473181247
79,48685.9997939672,0.8200071528986569,1885209489491225.0,10487.660910376053,0.1305085455870545,0.13050819175453285,0.0399671085178852
80,48689.99908286287,0.820005581141305,1885231127777367.5,10507.810531919218,0.1305083423649545,0.13050794160158094,0.042793795466423
81,48703.06004861622,0.8200003859290863,1887047489189237.5,10547.545211754661,0.1305073919053241,0.13050711475787594,0.08022291213274
82,48709.997198291945,0.8199980281956467,1885739400294885.2,10685.553621044495,0.1305070111975902,0.13050673951294453,0.0654379278421402
83,48714.05067376513,0.8199965861503388,1885274206102533.8,10734.342327822287,0.1305066672257658,0.1305065100043056,0.0620794706046581
84,48717.99775534589,0.8199936707162748,1889484413876724.8,10344.917286886859,0.1305056429427949,0.13050604599856308,0.0646767541766166
85,48722.02185007706,0.819992428775073,1885801139236452.2,10472.142390285766,0.1305060343037758,0.13050584833748177,0.0762669742107391
86,48726.00274493902,0.8199911238822706,1884442423377152.8,10569.505735549397,0.1305057703328161,0.13050564065734208,0.0748146548867225
87,48729.99766055397,0.8199897549155459,1883970544417457.8,10649.48472340424,0.1305055498178555,0.1305054227795209,0.089644469320774
88,48734.035385056224,0.8199882608741869,1884342141606603.5,10690.23076561559,0.1305054021773957,0.1305051849954534,0.0606420524418354
89,48737.99574045419,0.8199863548271693,1886949761966634.2,10578.006234128272,0.1305046027029101,0.13050488163864882,0.0801936760544776
90,48742.1333286853,0.8199845720334124,1886761151814339.8,10538.775423473175,0.1305044438837166,0.1305045978982099,0.0851783454418182
91,48746.01405151374,0.8199830158211441,1885973936437532.2,10550.325322518174,0.1305043821364783,0.1305043502193349,0.0859204456210136
92,48749.99683086865,0.8199816310079227,1884648787804386.8,10628.227770682179,0.1305043325500641,0.13050412981946544,0.072111114859581
93,48753.99475694828,0.8199800309830755,1885253520045614.5,10629.15404624725,0.1305038797769574,0.13050387516760195,0.0560622885823249
94,48762.009974697685,0.8199774539583573,1888162903120170.8,10839.783557175148,0.1305040570541253,0.13050346502137958,0.0692367628216743
95,48765.99678345286,0.8199762000125216,1886241806076800.2,10949.291172789664,0.1305035998423995,0.13050326544970145,0.058746974915266
96,48770.01108867742,0.8199745697291778,1886065158102659.0,10932.869000784507,0.1305029585553863,0.13050300598204867,0.059653989970684
97,48773.994424942975,0.8199730351955492,1885733553304028.8,10942.893131396391,0.1305027966240282,0.1305027617534363,0.0433660671114921
98,48778.00900275853,0.8199712977077456,1886332134523052.8,10886.879952467221,0.130502354795553,0.1305024852236638,0.053803876042366
99,48781.99651086852,0.819969678169107,1886099845040367.8,10874.613128344714,0.1305021920949257,0.13050222746608395,0.0539174415171146
100,48785.9976011438,0.8199682185800737,1885415843439363.8,10911.214747685302,0.1305021410578493,0.13050199516527444,0.0351552516222
101,48789.99707990182,0.8199664513634065,1886375729583964.8,10843.996703916036,0.1305014585302789,0.13050171390400633,0.0495987683534622
102,48798.012582101655,0.8199629266619588,1884620117385123.5,10727.746113820453,0.1305008264383735,0.130501152930348,0.0536089390516281
103,48802.021375958146,0.8199612891428307,1885306309386106.0,10715.178011111448,0.1305008719471292,0.13050089231108436,0.0766309425234794
104,48810.04234235471,0.8199583849174498,1886847667507835.5,10810.411261273333,0.1305006795065214,0.13050043008925913,0.0475811250507831
105,48814.011764528346,0.8199566292005246,1886391865063771.5,10754.37713864999,0.1304999886645985,0.1305001506582318,0.0542362779378891
106,48817.99649937231,0.8199543296921424,1887980683226679.8,10531.406658878095,0.1304994439394306,0.13049978468010612,0.0535728298127651
107,48822.006905188144,0.819952287636791,1888113527986052.2,10403.01592815095,0.1304992926662172,0.13049945967690285,0.0619709901511669
108,48825.99677187667,0.8199504944295534,1887357503136333.2,10356.131688597274,0.1304991045421027,0.130499174279107,0.0630573704838752
109,48830.02010820736,0.8199489616918507,1885737487865094.8,10400.101588908927,0.130499031857774,0.13049893033632518,0.0609233379364013
110,48833.99771999141,0.8199472407487481,1886129653453201.2,10374.936343893723,0.1304984769484441,0.1304986564397236,0.0547793917357921
111,48837.995397027305,0.8199455418803819,1886207473125073.8,10353.886649249713,0.1304983040764213,0.13049838605642547,0.0581803545355796
112,48842.027053274636,0.819944023160947,1885225239105106.0,10404.493028546141,0.1304983652847797,0.13049814434472023,0.0599857605993747
113,48845.99749475604,0.819942632818603,1884338273391854.8,10491.576390564614,0.1304980644714719,0.1304979230648636,0.0711266547441482
114,48849.99882233172,0.8199414975364823,1882837631428435.0,10660.372558457677,0.1304980347748243,0.13049774237910228,0.0689680650830268
115,48854.00090808893,0.8199398595977356,1884661353949722.8,10650.185701290415,0.1304974561221489,0.13049748169305428,0.0664388462901115
116,48858.033690310505,0.8199382649177481,1885087863605737.2,10663.432264505236,0.1304972544954406,0.13049722789185159,0.0705864354968071
117,48862.00154808788,0.8199368526652233,1884462717715346.8,10728.77375906478,0.1304972988087562,0.13049700312488138,0.0520586855709552
118,48865.998573443045,0.819935457899837,1884195619013941.5,10797.327192447881,0.1304968915577569,0.1304967811410757,0.0665064826607704
119,48869.99998368061,0.8199339513575092,1884715112574263.0,10821.420409221495,0.1304966273223054,0.13049654136741726,0.0467324256896972
120,48874.000291869714,0.8199326054583858,1884117867588472.8,10901.781496461035,0.1304964914480065,0.13049632716091886,0.0489672645926475
121,48878.00579116571,0.8199311359291125,1884488238995796.8,10939.15022781246,0.1304961414101403,0.130496093278071,0.0720612183213234
122,48882.00007845933,0.8199296572762228,1884781979866641.2,10964.40552280369,0.1304959130571727,0.1304958579431545,0.0762761309742927
123,48886.006241529096,0.8199282230245264,1884624086764824.8,11006.357247126985,0.1304957418042643,0.13049562967490735,0.0703575760126113
124,48890.00145327447,0.8199266135601974,1885611401573605.0,10983.08951727368,0.1304953091745609,0.13049537352070367,0.0636234357953071
125,48894.005791104864,0.8199252160965341,1884767825857091.5,11038.899924447322,0.1304952469613121,0.13049515110745388,0.0751052796840667
126,48898.00148889663,0.8199237833495837,1884619310659813.0,11080.801210553209,0.1304950368649993,0.1304949230786945,0.0670668333768844
127,48902.000588144176,0.8199218980176082,1887155513059931.8,10959.611275042862,0.1304942330577728,0.13049462301879125,0.0623856484889984
128,48906.00236605636,0.8199204099556129,1885773978465694.2,10992.824909223029,0.1304944605637834,0.13049438618636905,0.0688822790980339
129,48910.03876315573,0.8199187347027337,1886205416579848.0,10959.71980656808,0.1304939607885071,0.1304941195615924,0.0568483285605907
130,48914.00275720138,0.8199170997340678,1886342859934101.5,10929.544207618184,0.1304937148056256,0.13049385934824742,0.0500483587384223
131,48918.0208193436,0.8199155050098226,1886011434923431.0,10925.247404134352,0.130493596966754,0.13049360554000095,0.0587515048682689
132,48922.000706716404,0.8199141114660193,1885020276153638.5,10982.512686140948,0.1304934813316699,0.13049338375061623,0.0557246655225753
133,48926.01944446471,0.8199122985753806,1886644397253050.0,10894.675896422366,0.1304928947766781,0.1304930952201098,0.053488053381443
134,48930.00345631653,0.8199106929054101,1886326354133399.5,10877.930658428873,0.1304928089192834,0.13049283966979702,0.0608931370079517
135,48934.0186621646,0.8199088091257594,1887523211940781.0,10771.729583834645,0.1304922473509796,0.13049253985695392,0.0737560540437698
136,48938.001927575846,0.81990732042801,1885993065280363.0,10802.10241986396,0.1304923653963633,0.13049230292334832,0.0763803869485855
137,48942.006028090414,0.8199057586828484,1885637629727750.2,10813.816582520516,0.1304921264962648,0.130492054363886,0.0538626052439212
138,48946.00391850636,0.8199040893875316,1886149716562472.5,10780.146733336933,0.1304916957864516,0.13049178868728484,0.0682206824421882
139,48950.00468908759,0.8199025721097061,1885539118011585.0,10804.640189136757,0.1304916281391215,0.13049154720501888,0.053185798227787
140,48954.01200142286,0.8199006888764542,1887060166565270.5,10698.317069797815,0.1304910489264001,0.13049124747913785,0.0645220130681991
141,48958.00205786616,0.8198989563147046,1886856047876718.2,10655.726514192182,0.1304907666964078,0.13049097173337118,0.050508439540863
142,48962.003444584676,0.8198973275245802,1886210203139791.0,10653.408447173835,0.1304907016262712,0.13049071250337163,0.0491574704647064
143,48966.02845199464,0.8198958274101474,1885445368015748.8,10690.212432079807,0.1304907287616993,0.13049047375274445,0.0467293113470077
144,48970.00345630057,0.8198944626158151,1884609447051356.2,10770.624035347051,0.1304904324146911,0.13049025653898016,0.0443467311561107
145,48974.01038966812,0.8198929314463806,1884995679393114.0,10791.34715637242,0.1304900469573604,0.13049001284579595,0.0596417970955371
146,48978.02361629509,0.8198913123513847,1885545246360445.0,10780.226128761991,0.130489733163465,0.13048975515882402,0.069908782839775
147,48982.00344448978,0.8198896701894105,1885986218810221.2,10754.229206067266,0.1304894421864024,0.13048949380062846,0.0618506111204624
148,48986.01110069039,0.8198881670702561,1885399310849228.8,10783.605497647703,0.1304893743312279,0.13048925457178498,0.0474455691874027
149,48990.03262371042,0.819886551960517,1885640557883179.8,10778.509815760404,0.130488984417271,0.13048899751908635,0.0680874288082122
150,48994.00348020478,0.8198850770491362,1885262871622508.0,10807.274976298517,0.130488818945288,0.1304887627796495,0.0749549567699432
151,48998.00830383696,0.8198834975974822,1885555314907681.5,10804.284513276025,0.1304885061048021,0.1304885114021114,0.0657820478081703
152,49002.01380290611,0.8198820136840458,1885118665466925.0,10839.696762793892,0.1304884144744702,0.13048827522995285,0.0559839569032192
153,49006.00067113161,0.8198806835489448,1884272423189062.8,10921.792853018413,0.1304882976944705,0.13048806353237655,0.0709761306643486
154,49010.00190389113,0.819878937669871,1885978783571846.5,10858.843407722685,0.130487644851854,0.1304877856670919,0.0741511285305023
155,49014.00752162868,0.8198774631131834,1885308479090838.5,10894.257581307116,0.1304876219781925,0.13048755098410622,0.0836272463202476
156,49018.0008132753,0.8198762188434812,1883814255554379.5,11012.0044482336,0.13048749669934212,0.13048735295243255,0.0935229584574699
157,49022.00151255443,0.8198743677870022,1886465646520429.5,10913.134381805714,0.1304869230422932,0.13048705834764399,0.0693377181887626
158,49026.005032584886,0.819872867756463,1885672203403352.8,10932.300890728198,0.1304868481085549,0.13048681961036887,0.072207972407341
159,49029.99998366482,0.8198707461217111,1889350957942645.8,10732.607863060552,0.1304862415764721,0.1304864819417107,0.0711273849010467
160,49034.00027999048,0.8198695464516812,1884295719831669.8,10879.47326101775,0.1304864664269717,0.13048629100829534,0.0882861018180847
161,49038.000232707964,0.8198682183470906,1883264551827429.8,10967.272010790331,0.13048639258343234,0.1304860796338848,0.0638331919908523
162,49042.000671308386,0.8198665966980115,1884997314280180.5,10950.862365232166,0.1304857414537049,0.13048582154041793,0.05851836130023
163,49046.000256430736,0.8198652477047849,1883943161969776.0,11030.03611811952,0.1304858767459964,0.1304856068414777,0.0656521096825599
164,49050.0034563397,0.8198635568979591,1885808255447179.5,10979.403327503263,0.1304851798622391,0.13048533774121357,0.0646330863237381
165,49054.00579105483,0.8198616566348095,1887665017276088.2,10857.98430594911,0.1304847442094703,0.13048503530494013,0.0683042407035827
166,49058.01202512903,0.8198598138545743,1888018804048722.2,10759.95966620398,0.1304845605602303,0.13048474201735666,0.0869198217988014
167,49062.01667105505,0.819858579357246,1884565684648369.5,10894.099188564785,0.13048483346874679,0.13048454554100467,0.0694838464260101
168,49065.99879848012,0.8198569148654568,1885824576512526.2,10855.560290681595,0.1304842278016297,0.13048428062890863,0.0754191577434539
169,49069.9992725883,0.8198552706491525,1886074859377384.8,10835.28335248038,0.130483971288275,0.13048401894375633,0.0533639043569564
170,49074.00553035772,0.819853933565193,1884435133866405.8,10920.89929385756,0.1304839789690718,0.13048380614023483,0.0546231344342231
171,49077.999201459956,0.8198530820802341,1880778440806459.0,11184.926959287452,0.13048391064435227,0.13048367062219465,0.0793916136026382
172,49081.99865624176,0.8198513413181335,1885056020153101.8,11106.782074797453,0.1304831740352467,0.1304833935713016,0.0693436861038208
173,49086.001382167866,0.819849551350243,1887031216338736.5,11017.142295772865,0.1304828545974854,0.13048310868906382,0.060129839926958
174,49090.00171401996,0.8198475963302473,1888858112669873.8,10867.540046438617,0.1304823556614837,0.13048279753796768,0.0675604939460754
175,49094.00128735925,0.8198464586573044,1884167941487363.5,11034.835718845343,0.13048286811550372,0.1304826164716952,0.0690214708447456
176,49097.999343649186,0.8198446868648848,1886409235472126.5,10954.98452141011,0.1304821084003068,0.13048233448217347,0.0611981078982353
177,49101.99687846401,0.8198430715936564,1886374460691329.0,10931.199679558267,0.1304819815681487,0.13048207740377307,0.0596618801355361
178,49105.99681926784,0.8198413569045507,1886806456447507.0,10878.019028716455,0.130481663774447,0.13048180450252603,0.0629725307226181
179,49110.01178833021,0.8198398380487284,1885831193453648.5,10898.799342778902,0.1304815984795126,0.13048156276911405,0.0937038585543632
180,49115.88502068513,0.8198376913598753,1886029028532583.2,10959.587895847748,0.1304823452548402,0.1304812211129718,0.0677218288183212
181,49118.00697640001,0.8198362708892923,1889907124752705.0,10748.705173297294,0.1304807699699922,0.13048099503805702,0.0774590522050857
182,49121.99652302867,0.8198352538758459,1883832245514608.8,10957.9484386894,0.1304811570105387,0.13048083317533982,0.0637629926204681
183,49125.993986695845,0.819833734532021,1884701121173168.5,10970.23625326702,0.1304806193202765,0.13048059136425982,0.0550280548632144
184,49129.99386813246,0.8198319971549595,1886329143174872.0,10906.702934495675,0.1304800249165282,0.13048031485211248,0.0591731257736682
185,49134.0143836864,0.8198304173719609,1885976361161848.2,10904.749501753058,0.1304800563654002,0.13048006342183924,0.0513285994529724
186,49138.014798542295,0.8198289521785258,1885200560133551.5,10945.927480495095,0.1304799150377838,0.13047983022906146,0.0727238431572914
187,49142.00716587156,0.8198273785337761,1885474157400859.0,10946.263739307482,0.1304795792990963,0.13047957977572086,0.0835202410817146
188,49146.00372883468,0.8198258373555775,1885494216648236.2,10952.351913685647,0.1304793523866182,0.13047933448959237,0.0615873262286186
189,49149.99946216773,0.8198243888429136,1885003002113148.8,10989.520342524629,0.1304792870505851,0.1304791039516418,0.0665638074278831
190,49154.19698533953,0.8198226609130479,1885837200136980.5,10956.515997145685,0.1304787430524155,0.13047882894306234,0.0832041054964065
191,49157.99507699361,0.8198210025532987,1886769450009328.5,10893.265209324767,0.1304784242930875,0.13047856500691082,0.058295227587223
192,49161.99636888098,0.8198198327804541,1883974873569298.2,11034.754307358851,0.1304785130980686,0.13047837883178032,0.079649306833744
193,49165.99475703454,0.8198185613016714,1883273839846458.0,11136.823001990422,0.130478509863877,0.13047817646964702,0.0568833425641059
194,49169.996511426936,0.8198170965196191,1884311084388681.5,11158.691166513705,0.1304780451155755,0.13047794334234283,0.0455983690917491
195,49173.99501810067,0.8198154679331616,1885626394652640.8,11124.95265298703,0.13047763316835928,0.13047768414475788,0.0555088147521019
196,49177.99718697005,0.81981404940461,1884914712414979.2,11170.733177838889,0.1304776862741891,0.13047745837892696,0.0404379442334175
197,49181.994425472105,0.8198127461606991,1884079786127793.8,11253.61468975444,0.13047755695128796,0.1304772509612165,0.0400216616690158
198,49186.01630392688,0.8198110253347783,1886033277522386.2,11181.879118115849,0.1304767198302481,0.130476977083265,0.05203478038311
199,49190.01374392708,0.8198094439617736,1886112828997024.5,11160.394408686283,0.1304766540091892,0.13047672539993443,0.0481561720371246
200,49194.010401704974,0.8198079666514462,1885534778741776.5,11183.58291554756,0.1304765730140703,0.13047649027869335,0.0531253181397914
201,49198.006419482655,0.819806229560541,1886537489104684.2,11112.950404614974,0.1304759855461879,0.13047621381208918,0.056252148002386
202,49202.00179726104,0.8198047763786332,1885586013292968.5,11147.170777560932,0.130476062997546,0.13047598253100534,0.0593104809522628
203,49205.99646392751,0.8198033187434333,1885347225275738.0,11169.041921545117,0.1304757854641255,0.13047575054115806,0.0651476830244064
204,49209.997032924344,0.8198017793909004,1885549636725141.0,11167.639079912267,0.1304755063045102,0.13047550554559328,0.0497888475656509
205,49213.99594260459,0.8198003041835853,1885389947589116.8,11184.282726869778,0.1304752932227869,0.130475270759057,0.0664750337600708
206,49217.99719889501,0.8197988905010217,1884903536923582.0,11228.725750531925,0.1304750732877017,0.13047504576448904,0.0848062485456466
207,49221.9988462264,0.8197972542111001,1886156337358801.8,11183.229148789898,0.1304746945355383,0.13047478534085968,0.0641909465193748
208,49225.99998396836,0.8197959528445838,1884281415939820.2,11266.039883334062,0.1304747804350685,0.13047457822194583,0.0603085681796073
209,49229.99813512317,0.8197944564939275,1884994824951578.5,11270.194795095184,0.1304743551744267,0.13047434007034228,0.0616188012063503
210,49234.04536466932,0.8197929751728736,1885037883038992.2,11289.310743918926,0.1304741837113868,0.13047410431077427,0.0649168714880943
211,49238.07319289785,0.8197918469135688,1882916177800145.5,11438.759933968848,0.1304744692612841,0.13047392474272881,0.0574306473135948
212,49241.99892923241,0.8197903610808175,1884636139153608.2,11429.773159245016,0.1304736659287613,0.13047368826510183,0.0652423128485679
213,49246.02014392804,0.8197887435474233,1885863247083537.8,11387.47264509223,0.13047334926862764,0.13047343082666651,0.0711316019296646
214,49250.21057967556,0.8197871233511457,1885926281813770.8,11372.32978265403,0.1304731300057643,0.13047317296442015,0.0502436347305774
215,49265.99977067898,0.8197804438156123,1802102736333117.8,11192.872398874277,0.1304715851600154,0.13047210988332247,0.0512610264122486
216,49270.007628404346,0.8197792244839245,1850630334205920.0,11268.838644324367,0.13047220584175254,0.1304719158206571,0.0671819373965263
217,49278.00855290744,0.8197762394742414,1875741984040507.8,11266.534653274894,0.1304714451342887,0.13047144074161085,0.0583867020905017
218,49282.00897948103,0.8197744164927542,1882948276145172.2,11171.830058909793,0.1304708986736548,0.13047115060509598,0.0577779486775398
219,49286.003421192516,0.819773109295098,1883672056304228.2,11238.659749382534,0.1304710781955401,0.1304709425581274,0.0582573637366294
220,49290.021803178315,0.8197714790067444,1885219304882543.0,11207.299614004767,0.1304705591928844,0.13047068308967727,0.0538593009114265
221,49294.00208182535,0.8197701166639704,1884850728459883.2,11260.502037797687,0.130470661340649,0.1304704662660906,0.0619039461016655
222,49298.0041440053,0.8197687377247989,1884852093673277.2,11301.925997300112,0.1304703309036022,0.13047024680110522,0.0678940564393997
223,49302.011764792966,0.819767262892243,1885179435573545.8,11314.259471327316,0.1304700683443825,0.13047001207421374,0.0587107166647911
224,49306.00345674404,0.8197659498430812,1884662437546694.2,11381.575121100479,0.1304702101473917,0.1304698030959491,0.0557410679757595
225,49310.01125503307,0.8197644427326714,1885237613410261.8,11382.162891063124,0.1304695788014612,0.13046956323187758,0.0568098165094852
226,49314.00831595064,0.8197622918978413,1887798151248266.2,11171.214369654796,0.1304683047039387,0.13046922091588262,0.0489635989069938
227,49318.00625367995,0.8197607651196808,1886520269145116.0,11174.04625725832,0.1304689814310083,0.13046897792159137,0.0611762218177318
228,49322.013898106554,0.8197591765766233,1886219962185829.0,11156.885065985134,0.1304686955455415,0.13046872509711147,0.0579305961728096
229,49326.01372029939,0.8197576577688809,1885788728812860.0,11165.253257805985,0.1304684904277378,0.13046848337135164,0.0665006190538406
230,49330.01675433936,0.8197563587692616,1884553009100966.2,11244.459662411839,0.1304686087878703,0.13046827662914115,0.0520283505320549
231,49334.00284041722,0.8197549183210142,1884755666710301.0,11274.00864237175,0.1304681885403095,0.13046804737468232,0.0555267110466957
232,49338.00201083337,0.8197536419010674,1884028098475563.5,11362.298578306802,0.1304680907951386,0.13046784422613833,0.0654191225767135
233,49342.004855077495,0.8197520734244604,1885293617220170.8,11339.209842020113,0.1304675114330169,0.1304675945953332,0.0477704256772995
234,49346.023343914494,0.8197517492068281,1879992006928065.2,11760.644412322492,0.1304684710374309,0.1304675429944944,0.0550478436052799
235,49350.00346864046,0.8197499780470571,1884976216326812.2,11632.591857910133,0.1304670538150063,0.1304672611056618,0.0708459764719009
236,49354.00408471857,0.8197484050073709,1885912062234257.0,11592.150335057466,0.1304668649794242,0.13046701074862008,0.0531001687049865
237,49358.0209735437,0.8197468816748575,1885914894051540.5,11579.461106053335,0.1304665115545328,0.1304667683027206,0.0433533601462841
238,49362.00274562041,0.8197453579677553,1885993983939088.5,11560.220134734484,0.1304664455293413,0.13046652579720347,0.0512672513723373
239,49366.01364929395,0.8197437863230765,1886156508785888.8,11528.807002443082,0.1304661924060031,0.13046627566218405,0.0559957325458526
240,49370.003468370865,0.819742511973422,1885013473511135.5,11600.735877523444,0.1304662083031294,0.1304660728431373,0.0590911135077476
241,49374.00483139793,0.8197408947282602,1886014317899218.2,11547.901513483257,0.1304656941213925,0.13046581545057562,0.0572234764695167
242,49378.010425464214,0.8197396984826618,1884565347820968.0,11647.426704620219,0.1304657447456709,0.13046562506217546,0.0687627866864204
243,49382.00275741779,0.8197380080094023,1886317430335691.8,11565.102341468926,0.1304650404567562,0.13046535601500006,0.0496182218194007
244,49386.00291132214,0.8197361405837139,1887853342097553.0,11424.430396861708,0.1304648429096585,0.1304650588049709,0.0840361714363098
245,49389.99999580848,0.8197346798264651,1886339483034037.8,11439.140663123078,0.1304648492443038,0.13046482631823408,0.0746712982654571
246,49394.00867154681,0.8197331402086333,1886072402731408.8,11429.43104622453,0.1304645483892905,0.1304645812804457,0.0507516525685787
247,49398.00372916428,0.8197316339635117,1885898492356122.8,11423.859883235478,0.130464327824203,0.1304643415540891,0.0525239817798137
248,49402.02378249857,0.8197302166090624,1885301504828207.5,11455.38043283536,0.1304643138189377,0.13046411597512236,0.0556882657110691
249,49405.99998418371,0.8197289790944029,1884236561683663.5,11549.021613858187,0.1304646952881469,0.13046391901854715,0.0447020344436168
250,49410.016197514655,0.819727474112518,1885165967053574.8,11540.316672938035,0.1304636622544484,0.1304636794932409,0.0598972775042057
251,49414.03877525494,0.8197259533457036,1885566719411760.8,11529.923180027015,0.1304634168306334,0.13046343745568512,0.0626524463295936
252,49418.00205810769,0.8197245093676867,1885579288691676.5,11532.382000238738,0.1304632194576575,0.130463207639446,0.0629703775048255
253,49422.011800359505,0.8197231267943291,1885167030923950.0,11569.58894186876,0.1304630426694083,0.13046298759606195,0.0655967816710472
254,49426.00022103074,0.8197217927876278,1884763046331310.2,11621.526051735967,0.1304630337009059,0.13046277528230132,0.0381759144365787
255,49429.999166193404,0.8197202623960648,1885524078945610.5,11601.712195887578,0.1304625067607529,0.1304625317129192,0.0775439143180847
256,49433.99757800497,0.8197187050587394,1886025138970854.0,11569.091899814224,0.1304622066101498,0.13046228385498582,0.0593587458133697
257,49437.99651152112,0.819717468522601,1884627859989944.0,11653.5228915617,0.130462278754926,0.13046208705414705,0.0725633278489112
258,49441.99773222486,0.8197163896114061,1883186985254799.5,11798.143957043414,0.1304625852084165,0.13046191534009724,0.0523996874690055
259,49446.08037518483,0.8197149112546651,1884653375168218.2,11796.1194498234,0.1304617038784858,0.13046168005231426,0.0478690452873706
260,49449.99838398794,0.819712096901008,1891768684568220.2,11293.185597787218,0.130460117424198,0.1304612321340181,0.0559655912220478
261,49454.00346863895,0.8197105751253875,1888263838517413.5,11286.69193325539,0.1304609355030459,0.13046098993590582,0.0471307970583438
262,49457.99809946953,0.8197090534389895,1886812893067150.2,11280.366835091634,0.1304607381174227,0.13046074775199376,0.065106563270092
263,49462.0160668767,0.819707457168774,1886433355182411.5,11255.120565910373,0.1304604494620342,0.13046049369769847,0.0762274414300918
264,49465.9965352407,0.8197062997480346,1884382135205328.8,11381.976636874915,0.1304605714774262,0.13046030948846654,0.0654665976762771
265,49470.011800406006,0.8197045817058479,1886070448480319.0,11308.072895361274,0.1304599172215164,0.1304600360535601,0.064665175974369
266,49473.99581207965,0.8197034189336981,1884141452133088.5,11429.84938944353,0.1304600763211598,0.13045985099262478,0.0586789958178997
267,49477.99497064482,0.8197021502366173,1883928130788307.8,11505.686826446716,0.1304598786313934,0.13045964907321306,0.0575123615562915
268,49481.99657063683,0.8197006068156788,1885218010736874.0,11485.22477053573,0.1304593336326738,0.13045940343014142,0.0441687442362308
269,49485.993975191865,0.819699306911189,1884571793479057.8,11549.279056082238,0.1304595087623287,0.13045919654391633,0.0506242476403713
270,49489.99610852856,0.8196973951207196,1887235090635202.2,11394.539488958744,0.1304585776734363,0.13045889227301297,0.0610647536814212
271,49494.00205799931,0.8196961212505681,1885265153082913.8,11472.73164957635,0.1304589591693905,0.1304586895302815,0.0550367124378681
272,49497.99514839037,0.8196943170300414,1887044253044845.0,11353.932950389688,0.1304580087955349,0.13045840237966624,0.0531831532716751
273,49501.99999601977,0.819692981561639,1885462960964515.2,11413.424571479301,0.1304588039951285,0.13045818983326865,0.0486115030944347
274,49505.99472175802,0.8196915472778088,1885322954668868.0,11433.972533484939,0.1304580115489077,0.13045796155990727,0.0556907057762146
275,49510.00897946971,0.8196903245509265,1884325117369033.5,11533.76761987305,0.1304583412596572,0.13045776695687994,0.0466876029968261
276,49513.993631496465,0.8196893656038426,1882966066236298.8,11716.34751239232,0.1304580105533459,0.13045761433571135,0.0519679449498653
277,49518.00964335196,0.8196879494574045,1884364886971437.8,11730.703153143626,0.1304574637377876,0.13045738894900558,0.0535315237939357
278,49521.995812091955,0.8196864607805893,1885240374793224.8,11718.977521175979,0.1304571314721002,0.1304571520187318,0.0440350472927093
279,49526.00414393323,0.8196848201539946,1886227142220240.0,11653.721922744497,0.1304567534884701,0.13045689090489948,0.0525965727865695
280,49529.99581214193,0.8196836222636775,1884741303588471.2,11747.381608760943,0.1304568790683029,0.13045670025473424,0.0525710992515087
281,49533.99549215306,0.8196819273632298,1886429583138782.2,11655.241247634453,0.1304562474924353,0.13045643050294992,0.059255514293909
282,49537.99666585313,0.8196803468025003,1886523028886328.0,11612.674714165927,0.130456006597796,0.13045617894889697,0.0589103959500789
283,49542.00557846888,0.8196783888805143,1888206260580724.0,11443.276059051856,0.13045515762322252,0.1304558673359347,0.0544306375086307
284,49546.006644933135,0.8196773404522629,1884695832315035.5,11600.966527649089,0.1304561837860194,0.13045570047339602,0.0540424883365631
285,49550.00067161658,0.8196759718365499,1884784923701187.0,11637.539107930257,0.1304555861005115,0.1304554826514401,0.0673879459500312
286,49554.007735508916,0.8196747550040318,1884171441222815.5,11726.647287844027,0.1304554782806103,0.13045528898652992,0.0691843554377555
287,49557.994911598806,0.8196734395663218,1884401163340548.8,11774.49408065743,0.130455242793915,0.13045507962811603,0.0601780265569686
288,49562.012096783794,0.8196720820214977,1884640343357147.0,11812.0500618642,0.130454950943282,0.13045486356814684,0.0712007507681846
289,49569.99727033674,0.8196691743895834,1885289937711965.2,11794.672713001513,0.1304543539804099,0.130454400804155,0.0440510176122188
290,49573.99724644285,0.8196681594400305,1884964673223598.2,11941.50861010589,0.1304543977961854,0.13045423926991664,0.0640962868928909
291,49577.99883458159,0.819666561065958,1885982181412193.0,11880.290878076315,0.1304539194401889,0.1304539848807821,0.0695003047585487
292,49581.996499825575,0.8196651835844564,1885520704585796.5,11897.461361992948,0.1304538009536879,0.1304537656477921,0.0654314309358596
293,49585.99718723751,0.8196638249368855,1885131801819570.2,11925.163971125046,0.1304536310312402,0.13045354941231527,0.051358588039875
294,49590.00519914235,0.8196624147545902,1885278934457552.0,11932.674429120463,0.130453357623878,0.1304533249748323,0.0590941794216632
295,49593.9980524729,0.8196608981716204,1886031214970749.0,11895.918287338394,0.1304530202153644,0.13045308360315605,0.0560547858476638
296,49598.00564937708,0.8196595436265011,1885277931516220.5,11927.406190677195,0.13045300825156603,0.13045286802060468,0.059728130698204
297,49601.999996048704,0.8196581408003917,1885319418928630.5,11936.610113244915,0.1304526821064096,0.13045264475389506,0.0616119056940078
298,49606.01027172814,0.8196567580744596,1885213836174147.2,11954.775416065582,0.1304525641424592,0.13045242468622803,0.0513236187398433
299,49609.99998433369,0.8196548557581204,1887949929561198.5,11773.415602282545,0.1304516265308557,0.13045212192317931,0.0479631051421165
300,49614.009370858425,0.8196537827028748,1884672060145553.2,11916.165368204327,0.1304522711800109,0.13045195114113278,0.0580454319715499
301,49617.99975906805,0.8196524672078774,1884733943155549.2,11952.018248198587,0.13045189156007944,0.13045174177360133,0.0514438189566135
302,49621.99927331589,0.8196510319478912,1885229762967289.0,11953.00300250259,0.1304515198589982,0.1304515133448799,0.0662233158946037
303,49625.999806514345,0.8196498591821266,1884126009165127.5,12049.325544240724,0.130451525359325,0.1304513266934114,0.0602969639003276
304,49630.001311624044,0.8196483232251869,1885742797413552.5,11995.373260172928,0.1304508528212503,0.13045108223827204,0.0420004278421402
305,49633.999628696045,0.8196466690079716,1886932147214890.5,11902.54494495438,0.13045060890092047,0.1304508189614253,0.0488074086606502
306,49637.99998423493,0.8196450483678759,1887133815553158.0,11830.785652634133,0.13045035583194592,0.13045056102854308,0.0461114048957824
307,49642.00925237918,0.8196438228365147,1885138791895870.0,11912.858890767291,0.1304508872606885,0.13045036597916904,0.0464828982949256
308,49646.00152515564,0.8196427182420526,1883843362641424.2,12035.205617777354,0.1304506650409883,0.13045019017750029,0.050226766616106
309,49650.003456871294,0.8196414590752543,1884116736171655.5,12097.141654020455,0.1304502222434458,0.13044998977488018,0.0523414127528667
310,49654.014775302865,0.8196398556180767,1885854280021443.0,12023.59270214732,0.1304495440401427,0.1304497345767443,0.0589406825602054
311,49658.00448795874,0.8196384755935776,1885553143840645.0,12036.731278680996,0.1304496065073563,0.13044951493902368,0.0473129376769065
312,49666.00344502093,0.8196354137435331,1884828289663678.5,11947.792659788394,0.1304489100052469,0.1304490276304541,0.0661738216876983
313,49670.01396937669,0.8196337053716423,1885798635940907.0,11847.036976256097,0.130448596072852,0.13044875573462303,0.0666364431381225
314,49674.00275760465,0.8196317774985579,1887503466565395.2,11668.738026603723,0.1304480147625747,0.130448448904092,0.0475492849946022
315,49678.00483178762,0.8196301302205308,1887198007433239.2,11601.954692236726,0.1304481060971545,0.13044818673165134,0.0602392964065074
316,49682.007522103486,0.8196286132032162,1886510794330377.8,11584.559553220792,0.130447912288688,0.13044794529084697,0.0510747916996479
317,49686.004855389765,0.8196272551461363,1885348546029583.0,11629.829838765814,0.1304478084738988,0.1304477291493497,0.0707932487130165
318,49690.003456851744,0.8196258590869623,1885138056603817.2,11654.545620477807,0.1304475798500131,0.1304475069596313,0.0621509328484535
319,49694.00967900714,0.8196242668806266,1886143758260365.8,11605.38782138717,0.1304471150414497,0.13044725355212256,0.068197451531887
320,49698.007498278865,0.8196224092639406,1887965760678779.8,11459.101547995097,0.1304465623278858,0.1304469579032446,0.0705159604549408
321,49702.003765184396,0.819621247561815,1884756944237273.5,11587.506669032693,0.1304469752003717,0.13044677301260893,0.0708829462528228
322,49706.00484362275,0.8196197511403341,1885370823360370.0,11580.174197487962,0.1304465183249404,0.13044653484973331,0.0550727285444736
323,49710.01105382167,0.8196183372328505,1885203222723811.5,11602.325651761865,0.130446467448375,0.1304463098193682,0.0538974776864051
324,49714.02650863635,0.8196169004685451,1885314866843518.0,11612.669353874768,0.1304461754999571,0.13044608115122694,0.0499938689172267
325,49718.00344518347,0.8196153029301304,1886120738804372.8,11563.598123745473,0.13044567349668032,0.13044582689509146,0.0526431091129779
326,49722.00186880622,0.8196139666906256,1885298247400866.5,11608.126182805483,0.1304457201869477,0.13044561422596912,0.0661333203315734
327,49726.020843651706,0.8196122889349918,1886406878026030.5,11531.660958204033,0.1304452281109937,0.13044534720286668,0.0627750605344772
328,49730.01629233953,0.8196106366112533,1886788493179138.0,11466.086226075222,0.1304449153622516,0.13044508422737613,0.0421640984714031
329,49734.0041442898,0.8196091685510635,1886072819955038.8,11469.3787435942,0.1304448611905187,0.13044485057834015,0.0524290204048156
330,49738.00301836866,0.8196078334993857,1885055940545716.0,11526.533903079382,0.1304447541959791,0.13044463809826637,0.0500694550573825
331,49742.00289988123,0.819606210791841,1886152073584771.0,11471.034265425233,0.1304442139095139,0.13044437983633944,0.0467837341129779
332,49746.000683605846,0.819604793297144,1885460116521926.2,11499.637910248486,0.1304442626401759,0.1304441542350516,0.0448960810899734
333,49750.00067159946,0.8196033588998752,1885224295411841.5,11525.137620085552,0.1304440451269777,0.1304439259436359,0.0559338741004467
334,49754.01636345125,0.8196020574204117,1884613419863684.0,11592.7174215197,0.1304439963207126,0.13044371880674596,0.0385730154812336
335,49758.003445027054,0.8196004473810161,1885912401324445.5,11535.910010502992,0.1304430518997713,0.13044346256101758,0.0347999073565006
336,49762.0069533508,0.8195988758197807,1886186985583988.8,11498.563803550736,0.1304430313834487,0.1304432124392786,0.059996522963047
337,49766.00056500765,0.8195973667150714,1885981860549208.8,11488.55274687881,0.1304429476985277,0.13044297225780446,0.0546752847731113
338,49773.99927314036,0.8195945140062089,1886208450004070.0,11524.195630684671,0.1304429256045345,0.1304425182350878,0.044719461351633
339,49778.00484362712,0.8195932211794807,1885713450824082.2,11590.40159342746,0.1304425446700085,0.13044231247532342,0.0536039397120475
340,49782.024280583726,0.8195917604220585,1885649252565033.8,11595.675882379583,0.1304420993428212,0.13044207998855903,0.0482225604355335
341,49785.99859757681,0.8195904401132991,1885210093459743.8,11645.630849047384,0.130441956908761,0.13044186985489356,0.0494596511125564
342,49789.99927314736,0.819589501176702,1883710160413925.5,11819.265655452005,0.1304421116226521,0.1304417204184929,0.0471742749214172
343,49793.997910146645,0.819587756691813,1885938302468502.8,11718.086343108924,0.1304412786168154,0.13044144277509967,0.0495293326675891
344,49797.99789827277,0.8195864315457857,1885271129886493.8,11758.423159703427,0.1304413403384596,0.1304412318715591,0.0571980252861976
345,49802.005673123786,0.819584792466516,1886316362473927.0,11691.251472661357,0.1304408109496356,0.1304409710039912,0.0550484210252761
346,49805.998585932364,0.8195835836914503,1884837186303288.0,11773.697300275153,0.1304410669090643,0.13044077862146441,0.0631969794631004
347,49809.997068707526,0.819581918646078,1886269791247240.5,11698.261733955218,0.1304403004222332,0.13044051362126294,0.0601976960897445
348,49817.997210869304,0.8195791020024302,1886327160754149.0,11727.934922992872,0.1304401832001863,0.13044006533850344,0.0555403381586074
349,49821.99653555421,0.8195777150647673,1885847137007486.5,11752.204771684585,0.1304398959334304,0.13043984460051863,0.0609098896384239
350,49826.009252581156,0.8195763370724497,1885452257944044.5,11781.06894959064,0.1304397141351326,0.13043962528622974,0.0479902178049087
351,49829.99510122883,0.8195749376470217,1885421474943556.8,11792.605411599656,0.1304394489762141,0.1304394025607554,0.054408922791481
352,49834.00425085861,0.8195737244836991,1884524918689635.5,11877.850260254732,0.1304394355049749,0.13043920947981583,0.0514038354158401
353,49837.99462723091,0.8195721263264575,1885875895374438.5,11819.850460334226,0.1304387986976628,0.130438955125191,0.055311381816864
354,49841.996167973564,0.8195707164469596,1885615007376229.8,11828.638331967522,0.1304387491005479,0.13043873073589973,0.0638884529471397
355,49845.996511686026,0.8195690698113536,1886576423180971.0,11755.651459447281,0.1304382380292994,0.13043846866570358,0.051603402942419
356,49849.99591919347,0.8195677754186361,1885276335134609.2,11810.915905746233,0.1304384600622079,0.13043826265670427,0.0486747920513153
357,49853.9959784518,0.8195663722433741,1885244057590031.8,11828.39294428126,0.1304381193606879,0.1304380393344253,0.0679547637701034
358,49857.99623900765,0.8195650539278067,1884857243484665.8,11875.72016755427,0.1304379558176593,0.1304378295179862,0.0662018433213234
359,49862.00996345189,0.8195636909875488,1884966824036981.5,11902.201715795341,0.1304378377785545,0.13043761259930703,0.0464659370481967
360,49865.99571760713,0.8195622763427496,1885249696589670.0,11909.96231280544,0.1304374116237598,0.1304373874515945,0.0620563924312591
361,49873.99544511849,0.8195592236744933,1884857529700740.0,11840.090071296581,0.1304367290049245,0.1304369016043519,0.0668104365468025
362,49877.99740048789,0.8195575711215385,1885634414913688.2,11767.533068098302,0.1304363851266362,0.13043663859238042,0.050704576075077
363,49882.00932345776,0.8195562388272855,1885285749843092.0,11808.606918895419,0.1304365343166582,0.13043642655116439,0.0559339709579944
364,49885.99565834663,0.819554458194627,1886789733448368.8,11685.037397714528,0.1304359891450663,0.13043614315467497,0.0576959922909736
365,49889.99441395285,0.8195529992730705,1886098668250858.5,11685.851931334952,0.1304359158562306,0.13043591096009766,0.0650137662887573
366,49893.9958005941,0.8195514973134427,1886030232106318.0,11670.1669611235,0.1304356526735896,0.13043567191579858,0.0668701231479644
367,49897.99581248804,0.8195504628048792,1883483942610243.0,11826.910984828566,0.1304357862214675,0.13043550726864703,0.0613133944571018
368,49901.996369552064,0.8195491365514793,1884100320215672.0,11867.356554011243,0.1304354331521136,0.13043529618886263,0.0567475408315658
369,49905.99636942371,0.8195475949749811,1885627937645891.2,11824.335254209256,0.1304348296702751,0.13043505083934281,0.0508425571024417
370,49910.006550119164,0.8195463397150288,1884596135868418.2,11895.617747944549,0.13043514904374,0.13043485105851652,0.0499368533492088
371,49913.995812356734,0.81954591835434,1879917350707541.0,12280.389110335394,0.1304354732875724,0.13043478399688008,0.0676749125123024
372,49918.03293234121,0.8195446885313106,1882427743559950.8,12342.438219261363,0.1304349247233379,0.13043458826446583,0.0467827282845974
373,49921.99498295682,0.8195432830858831,1884503216607188.8,12324.148676324206,0.1304343188297576,0.1304343645808788,0.0562735311686992
374,49926.00057691115,0.8195418426950206,1885361049681430.2,12306.229851838718,0.1304341148469373,0.13043413533555304,0.0658143609762191
375,49930.00557826705,0.8195404617280505,1885482657256744.8,12306.441068346803,0.1304339342012772,0.1304339155478335,0.0618339888751506
376,49933.997210865906,0.819538840543855,1886711012746290.8,12217.930819070007,0.1304334142616488,0.13043365752835512,0.0542916283011436
377,49937.99582433652,0.8195371208982758,1887725534813766.5,12090.873851594366,0.1304332158742609,0.1304333838382608,0.0631450861692428
378,49941.99580062386,0.8195353414886181,1888438876359306.8,11950.796944098804,0.1304327692561421,0.13043310063641803,0.0556340292096138
379,49945.998597637474,0.8195339371684482,1886669693798360.0,11957.702508497521,0.1304328873381871,0.1304328771319213,0.0650491192936897
380,49949.996499903355,0.819532594017502,1885487121798265.8,11991.674087658803,0.1304327338063894,0.1304326633628089,0.0637065172195434
381,49953.99927323546,0.819531225423591,1885163643862744.8,12014.20302394734,0.1304325653050877,0.13043244554432287,0.0517066940665245
382,49957.998609379036,0.8195296610160642,1886421614178557.0,11950.101644125338,0.1304319013785805,0.13043219656113197,0.0644893869757652
383,49962.01181234203,0.8195283763426652,1885076317818132.8,12008.06429246301,0.130432129682767,0.13043199209901024,0.0620217062532901
384,49965.99745982217,0.8195269242664258,1885668034260144.8,11987.915043106244,0.130431728557489,0.13043176099389903,0.0742542222142219
385,49970.00825689206,0.8195255092007557,1885515930417023.0,11995.194107782923,0.1304315711991667,0.13043153577920283,0.0647043958306312
386,49974.01965839392,0.8195241899036794,1884992674630129.5,12035.622088011145,0.1304313982811054,0.1304313258065517,0.0753675252199173
387,49978.00047017928,0.8195226887527405,1885921274658892.8,11995.684201162614,0.1304310003077916,0.13043108689095945,0.0676921606063842
388,49982.0090153123,0.8195215396108264,1884117992356344.5,12106.868472055208,0.1304311949008954,0.1304309039993435,0.0525003299117088
389,49986.018615303816,0.8195202916448168,1884093173059151.8,12168.955999221858,0.1304308580691281,0.13043070537938428,0.0582078360021114
390,49990.00183318982,0.8195188230672186,1885409257855669.8,12137.634392792557,0.1304303147416146,0.1304304716480002,0.0391716063022613
391,49994.00205839235,0.8195173429090226,1885964262410443.0,12104.32260380654,0.1304301761566461,0.13043023607350676,0.0598143599927425
392,49998.00231911268,0.819515841414988,1886218671128130.0,12069.13637933774,0.1304298240795006,0.13042999710330913,0.0394530370831489
393,50002.015036125296,0.8195143509281636,1886241195822502.2,12038.793326220419,0.1304296133832694,0.13042975988496341,0.0435315296053886
394,50006.00160807466,0.8195128114330197,1886456655450907.2,11990.890579371993,0.1304294366280491,0.1304295148667014,0.0619394108653068
395,50010.00345686791,0.8195113439090068,1886125603575843.5,11977.280783737839,0.1304292670787005,0.13042928130300063,0.0670042410492897
396,50014.010224193546,0.8195099599485319,1885602835075209.0,11993.760695032897,0.1304291331505296,0.13042906103885002,0.0512506365776062
397,50018.022384193515,0.8195085324963923,1885593317979448.0,11994.35271970108,0.130428846765919,0.13042883385278597,0.0520994588732719
398,50022.00730870427,0.8195071931521667,1885220448808790.0,12023.22057223221,0.1304287683259114,0.13042862068953195,0.0603022426366806
399,50026.002165219754,0.8195058294704545,1885186870316567.2,12043.550705895736,0.1304285650924799,0.13042840365284666,0.0416641682386398
400,50030.00345697465,0.8195044033032071,1885474100091633.8,12039.987295397195,0.1304281794172249,0.13042817667127957,0.0542170740664005
401,50034.00320789658,0.8195031507632685,1884839002816348.8,12100.62891296142,0.1304283601567332,0.13042797732335693,0.0490801930427551
402,50038.01247604441,0.8195018561857754,1884808228483920.2,12143.561310125571,0.1304279162696758,0.13042777128494967,0.0451665446162223
403,50042.003444971124,0.8195007426091631,1884121332183397.8,12246.754457244937,0.1304279223198994,0.1304275940537273,0.0385098718106746
404,50046.004843537645,0.819499608422785,1883972066600503.2,12338.511511962597,0.1304275339657664,0.13042741354235887,0.0577994622290134
405,50050.00345685959,0.8194982672834604,1884830239080584.2,12345.524683430653,0.1304272945088744,0.13042720009340597,0.0333093702793121
406,50054.00787759284,0.8194969374783945,1885068205674131.5,12362.596783588546,0.1304271014124536,0.13042698844835637,0.0366415753960609
407,50058.01996644508,0.8194955897901212,1885254423509410.0,12372.900473710379,0.1304269175604655,0.13042677395710592,0.0347441174089908
408,50062.00198735779,0.8194940048739862,1886403789646315.0,12286.66300645834,0.1304263709020916,0.13042652170986868,0.0634190291166305
409,50066.00295906695,0.8194926395360691,1885832814976225.5,12295.145118486744,0.1304263366869763,0.1304263044095902,0.0618679039180278
410,50070.012333846586,0.8194911664573795,1886089834636209.0,12260.526347521012,0.1304259825146048,0.13042606996183517,0.0617650821805
411,50074.02236048967,0.8194896773377538,1886249069106629.0,12221.779517018793,0.1304255945465496,0.13042583296108587,0.0346522666513919
412,50078.004132454735,0.8194883395036515,1885674739099816.8,12238.536913010852,0.1304256820085895,0.13042562003817545,0.0687411949038505
413,50082.00471333813,0.8194866662073299,1886782242698884.0,12136.776325123052,0.1304251102453115,0.1304253537247946,0.0597538091242313
414,50086.00352837857,0.819485185801434,1886459513582464.0,12104.65847019641,0.1304250664666476,0.1304251181108785,0.0644418224692344
415,50090.01533280878,0.81948378477194,1885914631319957.0,12108.018684829349,0.1304249204836401,0.1304248951301091,0.0642072334885597
416,50094.00332670067,0.819482758676087,1884020062298299.5,12248.101217309304,0.1304249655183367,0.13042473182188202,0.0586926713585853
417,50098.00344525737,0.8194813854169763,1884902790129210.2,12250.649813795584,0.1304245287633074,0.13042451326090643,0.065394639968872
418,50102.00137118557,0.8194798106057561,1886267810036527.5,12178.165258368987,0.1304241025357945,0.13042426262191628,0.0542571991682052
419,50106.00281706796,0.8194784923514465,1885446214106255.5,12208.6478280911,0.1304241297289052,0.13042405281522665,0.0646237730979919
420,50110.023178545554,0.8194769857570039,1886096079139112.5,12166.833791032199,0.1304237066538296,0.13042381303327388,0.0597444735467433
421,50114.002485385485,0.8194756404683246,1885569942353404.0,12182.709665410901,0.1304236359368557,0.13042359892393068,0.0726675763726234
422,50118.00275807457,0.8194740148161932,1886757258386978.8,12099.109503383706,0.1304232036577114,0.13042334019335822,0.078671783208847
423,50122.00019794326,0.8194727592866434,1885202731805685.0,12157.742070764678,0.1304232384434488,0.13042314036962419,0.0728608667850494
424,50126.003717804444,0.8194712954511562,1885759923955543.8,12135.169041258621,0.1304228145654593,0.13042290739297052,0.0585121698677539
425,50130.01431335994,0.8194697305351731,1886611945075478.2,12069.31152389395,0.1304225429132763,0.1304226583288563,0.0656613633036613
426,50134.00017412999,0.8194683983379247,1885557917939755.2,12099.420307252536,0.1304225209167466,0.13042244630307903,0.0700636431574821
427,50138.000067622874,0.8194670298661173,1885383523542063.0,12111.805814032119,0.1304222628855643,0.13042222850402638,0.0606768950819969
428,50141.99945134527,0.8194657014651362,1885047568300394.5,12141.786351427758,0.1304221013382503,0.13042201708244383,0.0621604807674884
429,50146.010520932396,0.8194642122756676,1885887821991910.5,12105.446124211368,0.1304217326682994,0.13042178007057872,0.0653972625732421
430,50149.99999641106,0.8194624693684911,1887738594503245.0,11972.883987221545,0.1304213655816457,0.13042150267828623,0.0693249329924583
431,50154.00068384262,0.81946094726066,1887077088378588.5,11936.394438949597,0.1304212119374461,0.13042126042730098,0.0644357949495315
432,50157.9985741828,0.8194594872392199,1886447540347283.5,11921.861690739663,0.1304210083117856,0.13042102805767178,0.0720598399639129
433,50162.000565211776,0.8194581125867112,1885555773080263.5,11943.101002004913,0.1304209487671553,0.13042080927493,0.0532118864357471
434,50166.01203780435,0.8194568398854852,1884441111640791.5,12011.56842150365,0.1304209498465948,0.1304206067182388,0.0616398118436336
435,50170.02287039701,0.8194556232000293,1883866907143012.5,12093.410222832399,0.1304206509035649,0.13042041307673427,0.0661735534667968
436,50173.99788691328,0.8194541584427936,1885306706832229.5,12063.575131194599,0.130420088426082,0.1304201799533798,0.0715027227997779
437,50177.99710475348,0.8194526521749486,1886055510139867.2,12021.716008434292,0.1304197130102048,0.13041994022340664,0.0582160912454128
438,50182.010046976044,0.819451274686674,1885512700333281.8,12042.839234728386,0.1304198123545452,0.13041972098933868,0.0692027285695076
439,50190.00765261839,0.819448475931559,1885824884316854.2,12048.016706708286,0.13041931893666,0.13041927555362762,0.052207563072443
440,50193.99475784038,0.819447107650345,1885670929399535.5,12063.953766449546,0.1304190925845596,0.1304190577849089,0.0665754973888397
441,50197.995871984815,0.8194458052813076,1885294993300537.5,12102.49915551262,0.1304188921769126,0.13041885050643887,0.0688903778791427
442,50201.99639346232,0.8194445403947477,1884805282182377.8,12157.182052018938,0.1304187165259328,0.1304186491934904,0.0660400912165641
443,50205.994426044825,0.8194432416159579,1884696108697680.8,12195.841086640581,0.1304185136167022,0.130418442486426,0.0591642372310161
444,50209.99580090535,0.8194418154067851,1885445058868148.5,12180.260433015257,0.1304181861712155,0.13041821549818627,0.0603279657661914
445,50213.99658320488,0.8194405390118088,1884799867976284.0,12225.656502531618,0.13041815166465,0.13041801235361647,0.0661902651190757
446,50217.99705727589,0.8194386771190131,1888127451098391.8,12038.292393713797,0.1304171607790727,0.1304177160241745,0.076062761247158
447,50221.99475783673,0.8194374093063029,1885784239134645.5,12094.807035230388,0.1304178100492496,0.1304175142455148,0.0596331655979156
448,50226.002911878015,0.8194358541293782,1886524285063292.8,12033.886279842494,0.1304171509353348,0.13041726673141985,0.0671587064862251
449,50230.01279632257,0.8194339257534209,1888814480110690.8,11829.87136263008,0.13041643542579,0.13041695982085408,0.0667576938867569
450,50233.99719932144,0.8194324081134496,1887379133231065.0,11798.388957554145,0.1304166689533111,0.13041671828095083,0.0656703636050224
451,50237.99676097238,0.819430958965075,1886391897712824.5,11794.672535212389,0.1304164885471673,0.13041648764182373,0.0507646091282367
452,50242.0040735676,0.8194295504811556,1885748655309746.2,11808.066081341025,0.1304163006821749,0.1304162634746457,0.0623476095497608
453,50246.020026064914,0.8194281071328943,1885637699028777.8,11810.236348749915,0.1304160513389383,0.1304160337586353,0.059104636311531
454,50249.997199364174,0.8194268669276332,1884622942458654.8,11883.907932518052,0.130416028293536,0.13041583637383755,0.0512054078280925
455,50253.99517268956,0.8194257077816486,1883829186132604.2,11986.605004314093,0.130415883843431,0.13041565189002433,0.0647214502096176
456,50257.99436677747,0.819424209056704,1885316231214897.8,11952.810764677515,0.1304153562116506,0.13041541336054105,0.0543160736560821
457,50261.99514895197,0.8194231809631649,1883357346628549.2,12108.723745493866,0.1304155576054019,0.13041524973437235,0.0578195005655288
458,50266.0021770639,0.8194220630358324,1883170115250936.0,12216.273554051599,0.1304156680149346,0.13041507181071138,0.0468308553099632
459,50270.01265410106,0.819420791448788,1883948540408166.2,12263.986540973401,0.1304149568195947,0.1304148694313477,0.0769862458109855
460,50273.996511934165,0.8194193168154975,1885431349848594.0,12225.48130480444,0.130414478163422,0.13041463473617027,0.051748901605606
461,50277.99717579694,0.8194179912245003,1885202434580502.8,12248.849190417264,0.1304145214088953,0.13041442376181053,0.0587821863591671
462,50282.007131346574,0.819416712871272,1884846445199446.8,12293.449852923415,0.1304144726916781,0.13041422030557526,0.0507998988032341
463,50285.996405394166,0.8194151809258999,1886011872268386.2,12234.664621358601,0.1304138445240453,0.13041397648889672,0.0701522529125213
464,50289.99520817412,0.8194139831183128,1884847857035823.5,12308.356254782186,0.1304139564663302,0.13041378585189836,0.065607413649559
465,50294.00312521074,0.8194125871954989,1885327774958118.5,12304.31457769582,0.1304135656960828,0.13041356368388235,0.071416437625885
466,50298.00905113691,0.8194108563891812,1887195560010072.5,12175.349731077275,0.1304131386798242,0.13041328821750137,0.0702265799045562
467,50301.9978985973,0.819409348829671,1886889371143761.8,12132.376408861797,0.1304129990618992,0.1304130482819533,0.0709582045674324
468,50305.998586021924,0.8194082492785537,1884148287616477.0,12251.083612148326,0.1304130338312202,0.1304128732829578,0.0687003582715988
469,50309.99789858608,0.8194067708465376,1885675228627512.0,12210.720736579124,0.1304125575826581,0.1304126379831944,0.0661181211471557
470,50313.9971874918,0.8194054352211065,1885192276318820.5,12233.243572563619,0.1304124998241296,0.13041242541180495,0.0646003261208534
471,50317.99708092302,0.8194039966994728,1885774094407117.8,12211.34424282041,0.1304121660500855,0.1304121964639762,0.0697398483753204
472,50322.00798460961,0.8194024349917404,1886761381543871.5,12145.40827765076,0.1304117233798758,0.1304119479104709,0.0518704466521739
473,50325.99715211276,0.8194012144943016,1884838809435566.5,12219.24308739761,0.1304120286127491,0.13041175366227048,0.0599117875099182
474,50329.99954608568,0.8193997219023152,1885924567788838.8,12176.370884385942,0.1304112623368907,0.13041151610887786,0.0538202673196792
475,50334.001726692724,0.8193982221715179,1886302630346613.5,12135.543860808972,0.1304107657511431,0.13041127741930814,0.054594375193119
476,50342.01886447006,0.8193954339436117,1886069479170962.2,12141.93524211867,0.1304111297798086,0.1304108336590544,0.0433982089161872
477,50346.00310155132,0.8193937935943788,1886144357780672.8,12051.057674693899,0.1304100872458396,0.1304105725893656,0.0496413521468639
478,50350.00051796227,0.8193924058763028,1885784911134353.0,12059.70309207347,0.1304103811241607,0.13041035172717416,0.0584878586232662
479,50354.00137128172,0.8193910874576974,1885406734341529.8,12090.93403630042,0.130410288035462,0.13041014189433606,0.0379203185439109
480,50358.00066013532,0.8193900005162453,1884383182521231.0,12210.735514515762,0.1304103216943836,0.1304099689022311,0.0478640794754028
481,50362.00461865317,0.8193887696024302,1884534981753111.2,12268.847353838331,0.1304098590910823,0.13040977299621292,0.0661975815892219
482,50366.014455674194,0.8193874000515429,1885093223544721.0,12275.126121249343,0.1304095728475322,0.13040955502541937,0.0713846907019615
483,50369.999996519466,0.8193859896104462,1885488524186615.0,12266.235085314043,0.1304093137499553,0.13040933054674692,0.0398046597838401
484,50374.00077865886,0.8193844345890441,1886314442844173.2,12201.212776546357,0.1304088947859051,0.13040908305740415,0.050752829760313
485,50378.00288817461,0.8193832510997296,1884976902138189.2,12279.268717445271,0.130409160281252,0.13040889469922964,0.0480181910097599
486,50382.011682247554,0.8193819882522658,1884804134868415.5,12325.315935504537,0.1304089513190977,0.13040869371081343,0.0415667593479156
487,50386.02080818301,0.8193803555257357,1886293993379517.5,12233.643322562626,0.1304082069719022,0.13040843385431544,0.050280675292015
488,50390.02853558063,0.8193790904030926,1885374651426750.0,12278.96150615758,0.1304084500928521,0.1304082325037932,0.0456522740423679
489,50394.00207059123,0.8193781986643346,1883475267685549.2,12457.76929711814,0.1304084493487019,0.13040809057916186,0.0564820207655429
490,50398.00414469147,0.8193768933259551,1884513889889195.2,12474.717928693626,0.1304079143826177,0.13040788282810636,0.06740153580904
491,50402.00205871273,0.8193758233031291,1883811163535238.5,12579.180020449538,0.1304078888523795,0.13040771252868438,0.0647686496376991
492,50406.00613570606,0.8193746886273242,1883724609362065.8,12660.346218579158,0.1304077123122452,0.13040753193942123,0.0634689703583717
493,50410.01609124299,0.8193733345302388,1884857163625935.5,12655.353499795068,0.1304073165682167,0.13040731642817666,0.0673699304461479
494,50414.004832022314,0.8193715851925498,1887607935197876.2,12499.324757553293,0.1304067770931406,0.13040703801243633,0.0624841786921024
495,50418.0019164547,0.8193699362085363,1888210744881380.8,12384.252225089764,0.1304064043163123,0.1304067755684795,0.0522541999816894
496,50422.0016437742,0.819368827429756,1885057585979480.0,12486.315305206173,0.1304068154855324,0.13040659910085584,0.0664416924118995
497,50426.00703632234,0.819367596117695,1884554221206316.8,12537.017380969335,0.1304065527376826,0.13040640313145482,0.0641655623912811
498,50430.01872230669,0.8193663407156198,1884596473716753.5,12572.447924457085,0.1304063231420056,0.13040620332800898,0.0493443831801414
499,50434.02374743344,0.8193649580326365,1885367683098139.5,12557.382155345755,0.1304059573609398,0.13040598326717748,0.0675588324666023
500,50438.00413269649,0.8193637357391439,1884772743164039.2,12605.363624661257,0.1304058984732637,0.1304057887331262,0.0829085037112236
501,50442.00463060242,0.8193625039951636,1884541631285833.0,12652.659671959193,0.1304057252594295,0.13040559269498314,0.0676042586565017
502,50446.00332694767,0.8193611859678375,1885004119761127.0,12661.016916453633,0.1304054309974774,0.13040538292441903,0.0554780513048172
503,50450.00317280725,0.81935990549199,1884901491961914.8,12690.909206272581,0.1304052793862591,0.1304051791303584,0.0634585693478584
504,50454.011872046714,0.8193585400555355,1885401676754436.2,12681.56793317662,0.130404956632403,0.1304049618143972,0.0646389946341514
505,50458.02068979118,0.8193569580820304,1886823648991994.2,12583.692435134364,0.130404522556758,0.130404710035494,0.0553049258887767
506,50462.001703078684,0.8193556077909522,1886065683996856.8,12584.166963533347,0.1304045101277241,0.1304044951299943,0.06139912083745
507,50466.00274606468,0.8193541898224482,1886138637332936.0,12557.470078824079,0.1304042258503356,0.13040426945329775,0.0618506111204624
508,50470.0029830632,0.8193527512092742,1886300379980491.2,12521.839388105025,0.1304039474408713,0.1304040404908999,0.0649550482630729
509,50474.00459484052,0.8193516109465173,1884595939449669.0,12611.379182234523,0.1304040984251107,0.13040385901244572,0.0632795616984367
510,50478.01282002549,0.8193501245680036,1885923860777201.2,12555.31934504092,0.1304035388411448,0.13040362244795797,0.0786301866173744
511,50482.020713358965,0.8193488028510287,1885555637757348.5,12565.562626813626,0.130403444130282,0.13040341209016806,0.0692954584956169
512,50486.001620087125,0.8193475049831687,1885348401055987.2,12578.944919385183,0.1304032986907824,0.13040320552808263,0.054590106010437
513,50490.00179800148,0.8193461686611316,1885376100306310.5,12585.080896083618,0.1304031557776983,0.13040299284582488,0.0365212745964527
514,50494.00133585136,0.8193446035924054,1886601827939902.0,12498.314857946709,0.1304024699138677,0.13040274375740082,0.0600063018500804
515,50498.00348101251,0.8193431857627955,1886291091943269.5,12474.301296404486,0.1304024194042732,0.13040251810280995,0.0360200703144073
516,50502.011066168714,0.8193416730944396,1886545896931619.5,12416.369591106133,0.1304021643275202,0.13040227735416385,0.0535416677594184
517,50505.99859784787,0.8193401744511075,1886625807432883.5,12361.572772576801,0.1304019119725045,0.13040203883766963,0.0415786504745483
518,50509.99999637663,0.8193388529257675,1885727708412521.8,12385.926272336634,0.1304018790032046,0.13040182851037932,0.0554722249507904
519,50513.99789862635,0.8193377003080963,1884609442098710.0,12469.80610378748,0.130401860621654,0.13040164506557944,0.0433798171579837
520,50517.99859788978,0.8193364074692261,1884834941059930.0,12496.768517689487,0.1304015401707862,0.13040143930388265,0.0432590246200561
521,50521.99896524343,0.8193349000685226,1886023496627060.5,12435.677445072875,0.1304010238107997,0.13040119939360947,0.0416400842368602
522,50526.00402595195,0.8193335595211331,1885659929536816.2,12443.754096208155,0.1304010518836543,0.13040098603886596,0.0567107871174812
523,50530.012345963354,0.8193323341685715,1884978887859082.5,12497.30512006703,0.1304010395741867,0.13040079101794877,0.0599804744124412
524,50534.105098826454,0.8193309847409364,1885192655222930.0,12511.03177566888,0.1304008344269293,0.13040057624987028,0.0505692102015018
525,50537.99859800111,0.8193297672000499,1884922398912399.2,12554.888274893652,0.1304005072345312,0.13040038247221977,0.0714546367526054
526,50542.00722623807,0.8193286629673533,1884255271703497.2,12652.78752745774,0.1304006995799296,0.1304002067281278,0.0531938709318637
527,50546.021922244465,0.8193273932412523,1884740602532194.2,12681.242975887526,0.1304000635767371,0.13040000464494245,0.070863239467144
528,50549.99838446843,0.8193258868785088,1885998549948713.5,12611.413413559476,0.1303995897743437,0.13039976489986574,0.050609290599823
529,50553.99980690667,0.8193246504976547,1885319097216343.2,12649.489554329524,0.1303996335373804,0.13039956812374126,0.0650467202067375
530,50557.99511339391,0.8193231726852036,1886056592100530.8,12600.49741383987,0.1303992791778183,0.1303993329225847,0.0612520612776279
531,50561.997898638285,0.8193222576885056,1883567599044893.5,12762.207469547418,0.1303993838703103,0.13039918729633732,0.0600152388215065
532,50565.997519348195,0.8193207029928578,1885969093625806.2,12678.951070874413,0.1303987834857513,0.13039893985883996,0.0584298744797706
533,50569.99665421489,0.8193194918226192,1884900683068668.8,12729.352610901657,0.1303988879324577,0.13039874709510957,0.0571238920092582
534,50578.002793358886,0.8193170019847164,1886666231629334.5,12792.143467971193,0.1303988606335496,0.13039835082509982,0.0487269014120101
535,50581.995966929586,0.8193157599413861,1885931567731942.2,12825.647634635414,0.1303985425731456,0.13039815314776426,0.0381746292114257
536,50585.99373865179,0.8193143707866397,1886014304930028.8,12794.687920424818,0.1303978729587823,0.13039793205691969,0.0657993704080581
537,50590.00011483608,0.8193131346595375,1885365620145938.5,12829.864800458068,0.1303981066136419,0.13039773532118107,0.0465469360351562
538,50594.00303065821,0.8193118987433823,1885121480699120.5,12862.608893438852,0.13039772036539,0.1303975386190157,0.0496205016970634
539,50598.02083186866,0.8193106809762793,1884972852051365.5,12901.189653471767,0.1303977431372239,0.13039734480536175,0.040719486773014
540,50602.01450297916,0.8193093397361466,1885445322317339.8,12889.002642969795,0.1303971209508781,0.13039713134036476,0.0597993433475494
541,50605.99671342978,0.8193079909334748,1885700598392329.2,12871.253573296775,0.1303968034675005,0.1303969166717523,0.0416802391409873
542,50609.99513722489,0.8193066162557968,1885862568309902.2,12847.448431853136,0.1303966654093803,0.13039669788500466,0.0617198348045349
543,50613.9949001671,0.819305329711842,1885591231157114.2,12857.295455503583,0.1303965079667651,0.13039649312517476,0.068610094487667
544,50617.994414210174,0.819304535858843,1883249937529791.8,13054.855492473685,0.1303966434099175,0.13039636677954589,0.0700603350996971
545,50621.994414239285,0.8193033894829491,1883857536159915.0,13109.762661186423,0.1303964987750021,0.13039618432815572,0.0509001687169075
546,50625.996073548034,0.8193021733117406,1884457708991771.5,13138.001636615154,0.1303961481899221,0.13039599076849626,0.0429747402667999
547,50629.99699798547,0.8193008902555008,1885028651763975.2,13141.84625301823,0.1303958476250007,0.13039578656375342,0.0486740991473197
548,50633.99582479267,0.8192993040836276,1886753922680820.5,13024.393638883368,0.1303953705354553,0.1303955341166592,0.0731548741459846
549,50638.00228399903,0.8192979754048139,1886148919589388.5,13015.180612400327,0.1303953183763442,0.1303953226508582,0.0574196614325046
550,50642.013875144476,0.8192968980426173,1884631984126156.2,13106.436471576828,0.1303955501046907,0.1303951511833391,0.047988437116146
551,50645.99629885167,0.8192957024013895,1884701774250927.2,13142.396555522759,0.1303951574529671,0.13039496089112756,0.0429337248206138
552,50649.99605013844,0.8192944975971582,1884857903323212.0,13169.661233948696,0.1303948464682253,0.1303947691405787,0.0525051243603229
553,50654.00716713867,0.8192928532727897,1887009891988663.5,13021.768123580247,0.1303940722713526,0.1303945074382274,0.0570881590247154
554,50657.99557604112,0.8192916108964627,1885956039843623.5,13037.536799410209,0.1303944038918806,0.13039430970789379,0.0553657598793506
555,50661.99807669485,0.8192905072992873,1884832033991748.0,13112.436321392033,0.1303944553842747,0.13039413406494813,0.0486137419939041
556,50665.997009965824,0.8192892191849317,1885179370129907.0,13118.172584073216,0.1303939551084255,0.13039392905518118,0.0597651191055774
557,50669.99568257905,0.8192876151844297,1886852392479879.2,12992.787575943179,0.1303934277198733,0.13039367377057257,0.0539424195885658
558,50673.997543336096,0.8192862552105395,1886353557211101.0,12970.129139270945,0.1303934196656513,0.13039345732400545,0.0477857217192649
559,50677.99650031654,0.8192852397333754,1884424933773782.2,13087.79113849291,0.1303935634529652,0.1303932957057952,0.0572024919092655
560,50682.00600547954,0.8192840555138252,1884534379230558.5,13130.728444576456,0.1303932489354168,0.13039310723140007,0.063077375292778
561,50686.016743257154,0.8192826824105313,1885527282788751.0,13097.40228806393,0.1303927939457325,0.13039288869522345,0.0604938641190528
562,50689.998372995964,0.8192811097814168,1886993064910712.5,12979.239772828185,0.1303922880852251,0.13039263840352625,0.06179840862751
563,50694.03636992407,0.8192801028639244,1884669074167310.5,13103.298237127316,0.1303928248249434,0.13039247814763005,0.0558385550975799
564,50698.01631671431,0.819279138421191,1883646035261779.0,13229.293687301317,0.1303924888548931,0.1303923246518017,0.0649920627474784
565,50701.99975974717,0.8192778000885721,1885137154842651.2,13198.354291610003,0.1303920577858472,0.1303921116495499,0.0718448013067245
566,50705.99818325732,0.8192765285505519,1885362471892135.2,13197.425574396788,0.1303919525955495,0.13039190927798866,0.0585875324904918
567,50710.0069299312,0.8192752410833628,1885431648508170.0,13198.731377669146,0.1303917577830209,0.13039170437122144,0.0511417426168918
568,50714.0132825165,0.8192739344566784,1885663676135127.5,13183.856179057657,0.1303914871451222,0.13039149641512585,0.0657575204968452
569,50717.99997294869,0.8192723723754409,1887028523054295.0,13071.571919508877,0.1303910847546906,0.13039124780217537,0.0663584545254707
570,50722.00068409785,0.819270945250568,1886956734889561.2,13011.647070897074,0.130390886005655,0.13039102066819744,0.0565294809639453
571,50725.99927371223,0.8192695091862745,1886866512173487.8,12956.943839507863,0.1303906280822228,0.13039079211146654,0.0482879653573036
572,50730.00275813113,0.8192681330456746,1886466090067799.0,12928.046025727095,0.1303904846015504,0.13039057309188767,0.0538606345653533
573,50734.00820997902,0.819266583998774,1887202058440291.8,12828.847982265634,0.1303897898050696,0.13039032655341634,0.0446112751960754
574,50738.01908993317,0.819265303024304,1886009400620219.2,12846.811891340169,0.1303902459344412,0.1303901226799975,0.0639842748641967
575,50742.00049462269,0.8192640335070429,1885549453240059.2,12862.992300636131,0.1303900462694182,0.13038992063005003,0.0549862310290336
576,50746.00305455714,0.8192624547500721,1886814743021716.8,12749.413283752721,0.1303893644901262,0.1303896693630742,0.0713425129652023
577,50754.015261856475,0.8192596945490438,1885763809854661.2,12709.339107103418,0.1303891500679853,0.1303892300634366,0.0528573840856552
578,50758.019682516104,0.8192581501164361,1885975644151587.2,12631.030213030645,0.1303887719222553,0.13038898425935283,0.0586597807705402
579,50762.0034455291,0.81925669673569,1886091596635142.2,12589.014427885966,0.1303886662250472,0.1303887529466229,0.0562167800962924
580,50766.00207085392,0.819255958951433,1883574754319358.8,12826.751794718635,0.1303889887879378,0.13038863552461147,0.0632616207003593
581,50770.00345753246,0.819254799620999,1884065217697358.0,12890.990590231928,0.1303885991562706,0.1303884510114422,0.0509118475019931
582,50774.00345748502,0.8192534935426221,1884882507477982.8,12895.848801463417,0.1303882952900066,0.13038824314261246,0.0486235432326793
583,50778.01053300734,0.8192521966044682,1885205264681326.8,12902.122463314005,0.1303880646057179,0.1303880367284944,0.0563409887254238
584,50782.023261846814,0.819250929761493,1885224323563760.5,12917.966520727896,0.1303879237972851,0.13038783510417276,0.0412085466086864
585,50786.00483233188,0.8192501656198281,1882957117896396.2,13127.855595965531,0.1303885301436772,0.13038771348724956,0.0445296317338943
586,50790.00345747757,0.8192475081656754,1890507990170733.8,12597.352248913518,0.1303857042234771,0.1303872905402851,0.0423129238188266
587,50794.00499812388,0.8192463878789171,1886624150902508.0,12683.996277596108,0.1303873987797232,0.13038711224110985,0.0644113793969154
588,50798.01325885467,0.8192452864983992,1884972807918211.2,12775.381281910979,0.1303872150618994,0.1303869369509562,0.0614559426903724
589,50802.019872146986,0.819244413695963,1883343397975451.0,12951.16705914639,0.1303872223410095,0.13038679804013414,0.0713488310575485
590,50810.00345753361,0.8192415833151077,1884194440378343.5,12858.52055911487,0.1303860685876177,0.13038634757103018,0.0452601052820682
591,50814.00207094359,0.8192398357543009,1885634752127783.0,12697.274933114817,0.1303858085038307,0.13038606943808945,0.0623974911868572
592,50818.00222495058,0.8192388197903514,1884548684950957.2,12818.888674319378,0.1303864138549426,0.13038590774240486,0.0533489808440208
593,50822.012737535544,0.8192374908583657,1885179588041824.2,12815.979333983612,0.1303857015951164,0.13038569623631033,0.067318856716156
594,50826.02314343284,0.8192360042661098,1886100158996343.8,12753.848154679417,0.1303853954025859,0.13038545963780443,0.0716253444552421
595,50830.00135961135,0.8192351907508545,1883150797215600.5,12952.660920997658,0.1303855852101021,0.13038533016283027,0.0691301673650741
596,50834.00275815789,0.8192339781595935,1884012581778464.2,12988.265400871334,0.1303851870457059,0.13038513717293715,0.0713248401880264
597,50838.00067218878,0.8192325095007783,1885970953615245.0,12919.963467955802,0.1303847253884163,0.13038490342862696,0.062044184654951
598,50846.016150665215,0.8192300430319988,1886964467047942.8,12979.418145915313,0.1303849499923605,0.1303845108779287,0.0555587522685527
599,50849.99998479736,0.8192289241657894,1885860866924240.5,13055.364807872702,0.1303847724023267,0.13038433280484085,0.054607730358839
600,50854.00275823348,0.8192274199098705,1886492765872508.8,12971.524481844343,0.1303838234288204,0.13038409339507567,0.0691826567053794
601,50858.001359845155,0.8192262198264451,1885462924300638.0,13014.506468768343,0.130384054844085,0.1303839023958664,0.0675019770860672
602,50862.01446794873,0.8192249631358923,1885253463465036.2,13037.059589338374,0.1303837687776652,0.13038370238735297,0.0764641538262367
603,50866.011576123594,0.8192235249009836,1886104352400586.2,12978.895671528331,0.130383343931169,0.13038347348515794,0.0598167330026626
604,50870.023546485536,0.8192226190533571,1883856239047950.0,13140.797521313307,0.1303836777159685,0.1303833293150305,0.0697077736258506
605,50874.007475109276,0.8192214189060102,1884374849770067.5,13177.797961617669,0.1303832156605547,0.1303831383056478,0.0659169107675552
606,50878.00067214982,0.8192201274363984,1885160046623861.0,13168.431226986906,0.1303829309509227,0.13038293276187524,0.0584564879536628
607,50881.99858629449,0.8192188979601076,1885037846201380.2,13193.002641613766,0.130382845725255,0.13038273708464612,0.0541178323328495
608,50885.997685555674,0.81921746956472,1886112244216982.0,13131.810081341246,0.1303822690369428,0.13038250974845952,0.0550657734274864
609,50889.99825441088,0.8192159401584872,1887003436349113.2,13033.559287375798,0.1303818233656013,0.13038226633589756,0.040044218301773
610,50893.99858626796,0.8192143436558758,1887554822741707.5,12916.53917948784,0.1303817695047868,0.1303820122446153,0.0458128005266189
611,50898.00169149127,0.8192131022772283,1886011101302146.8,12946.533409696445,0.1303819558506379,0.1303818146730673,0.0443067103624343
612,50906.00207094929,0.8192104821742787,1885926335031301.2,12942.244347656466,0.1303814254231275,0.13038139767073145,0.0590873807668685
613,50910.013425012454,0.8192093392891024,1885482234264843.0,13014.01795592631,0.1303816257935076,0.13038121577490627,0.0441100560128688
614,50914.01747836953,0.8192080341055908,1885518654225434.8,13017.280840360518,0.1303810630729021,0.13038100804849875,0.0488964170217514
615,50918.00278177557,0.8192067573742928,1885498053655331.2,13022.732986335623,0.130380829206737,0.13038080485040168,0.0608291141688823
616,50922.009987701174,0.8192052541261894,1886351005048060.8,12942.09328843095,0.1303803335752798,0.13038056560103534,0.048968605697155
617,50926.016316589856,0.8192037988153325,1886444697153077.8,12888.500703606607,0.1303802059237279,0.1303803339811187,0.0518778190016746
618,50929.99653595163,0.8192025665801541,1885556594947524.8,12922.937126674771,0.1303802081111668,0.13038013786479902,0.060275737196207
619,50933.99488858905,0.8192017636187483,1883332801115476.8,13118.835738401136,0.1303805104997129,0.13038001006952218,0.0553715378046035
620,50937.997164111344,0.81920040052583,1885004979665954.2,13085.88069102272,0.130379654367611,0.13037979312654635,0.0429190844297409
621,50941.996879643106,0.819199089374464,1885380472865425.8,13080.385701969222,0.1303795895960929,0.13037958445032527,0.0582803487777709
622,50945.996986337115,0.8191980872250549,1884168887585597.2,13190.897353236012,0.1303797409371066,0.13037942495329313,0.0603575371205806
623,50949.99511383485,0.8191965568116656,1886172836652599.5,13089.762472211432,0.1303788782465113,0.13037918138043725,0.0462663806974887
624,50958.00636131169,0.8191940240280347,1886270705552740.2,13110.294263312331,0.1303790450335284,0.1303787782754026,0.0539283603429794
625,50961.99683227134,0.8191924462527845,1886275373993399.8,13001.226496484673,0.1303782556401432,0.13037852716467246,0.0538866817951202
626,50965.99787510998,0.8191911691209302,1885818893507195.5,13008.276596625457,0.1303784342783792,0.13037832390282486,0.0428171753883361
627,50970.00529436884,0.8191900270124897,1885153400897683.2,13065.808375033543,0.130378431602518,0.130378142130621,0.0550914108753204
628,50974.0123343688,0.8191887184706238,1885408071046508.5,13064.715718089754,0.1303779553896475,0.1303779338697148,0.0585315860807895
629,50977.9936440653,0.819187528026513,1885165847584961.8,13099.315911411579,0.1303778664511233,0.13037774440465008,0.0503453463315963
630,50981.99372711656,0.8191863225457738,1885051098780471.8,13134.85062295546,0.13037764656537,0.13037755254643166,0.0532020591199398
631,50985.99474638931,0.8191849713163155,1885532688378747.0,13116.4124654972,0.1303773182252023,0.13037733749158412,0.0455261878669261
632,50989.99652413365,0.8191838334001424,1884901915713084.2,13175.651876036794,0.1303774363866222,0.13037715638660033,0.0315865576267242
633,50993.994426330304,0.819182447846676,1885736603674052.8,13133.234293299838,0.1303767631943773,0.13037693586891724,0.051058143377304
634,50997.995125607515,0.8191811770898443,1885541426626879.5,13141.14020875714,0.1303768324453345,0.130376733621686,0.0488117821514606
635,51003.6069299243,0.8191790450886752,1885562074783518.0,13019.938478934477,0.1303750304156659,0.13037639430316128,0.0511770881712436
636,51010.01273752841,0.8191774874923037,1887044397640582.8,13209.654485022631,0.1303766636883969,0.1303761464039994,0.0356492884457111
637,51013.99524412548,0.8191760193982872,1886483898047572.0,13136.724804786885,0.1303756898306861,0.13037591274957974,0.0454453527927398
638,51017.995623256895,0.8191742193371206,1887281935035201.0,12948.47508629889,0.130375271343073,0.13037562626094723,0.0587200410664081
639,51022.00273436789,0.8191727753670591,1886710973496694.8,12899.652638987372,0.1303752004207546,0.13037539644597426,0.0507380813360214
640,51026.009513627105,0.8191711451873512,1887093945264646.8,12785.687820094523,0.1303747333980021,0.13037513699481562,0.0523244775831699
641,51030.0157477012,0.8191695577872997,1887115566997145.8,12688.631949777702,0.1303745908566105,0.13037488435225075,0.0419159941375255
642,51033.998159606796,0.8191685332696632,1885161345649937.8,12798.639609954804,0.1303750011133355,0.1303747212952046,0.0535417459905147
643,51037.99789894092,0.8191669748960841,1886279078718122.5,12709.910672598511,0.1303741937661015,0.13037447327234633,0.052152507007122
644,51041.998598206395,0.8191660611625062,1884312833373569.8,12866.643167200595,0.1303745842753544,0.1303743278471307,0.051719557493925
645,51051.5801684805,0.8191628575361379,1885065192442989.2,12838.21944833462,0.1303737350050377,0.1303738179741584,0.0512931160628795
646,51058.003469308474,0.8191608029460579,1885730388323147.2,12854.08608913773,0.130373615185501,0.13037349097599113,0.0372892357409
647,51086.010532886256,0.8191452150513324,1928124664829221.2,12800.325654680497,0.1303710091580738,0.13037101008549318,0.0528844110667705
648,51094.004630689575,0.8191496758099478,990531054192967.9,12812.873562329047,0.13037179192464,0.13037172003727673,0.0593323670327663
649,51098.00207073391,0.8191470071891058,1710516438336421.5,12786.927424906156,0.1303710421538581,0.13037129531307853,0.0607615374028682
650,51102.00137145913,0.8191463389763354,1781838314932911.8,12793.83371364624,0.1303713269977219,0.13037118896371308,0.0476058647036552
651,51106.001359563226,0.8191445137913758,1859293910684920.2,12754.993936047493,0.1303706510424046,0.13037089847650468,0.0539398230612278
652,51110.01404103519,0.8191433126353713,1873062992538694.5,12759.107554130524,0.1303707950455453,0.13037070730658915,0.0628358498215675
653,51114.02134177578,0.8191425474424419,1876386493623258.0,12826.989782230341,0.1303712549978894,0.130370585522352,0.0546405352652072
654,51118.00382477087,0.8191410806210259,1882484964846637.8,12795.36491143482,0.1303701797709804,0.130370352070473,0.0456887371838092
655,51122.00984549885,0.8191401690481873,1882759716399366.0,12880.160606353864,0.1303704926410822,0.13037020698914978,0.0852378010749816
656,51126.00208277149,0.8191387755605376,1884714439183118.5,12856.087796758356,0.1303698183094813,0.1303699852087022,0.0414295047521591
657,51130.00345761991,0.8191373530651443,1885644227360918.0,12819.056480806088,0.1303696421541281,0.13036975881152882,0.0536445677280426
658,51134.00230797429,0.8191360730425543,1885480324169529.5,12830.01565942587,0.1303696143999289,0.13036955508960635,0.0441405661404132
659,51138.00135974859,0.8191347596046048,1885520310924692.5,12831.526919312722,0.1303694080725011,0.13036934604946424,0.0397342592477798
660,51142.003457476836,0.8191333344366241,1885900766553781.5,12794.012291393708,0.1303690696561919,0.13036911922693536,0.050589770078659
661,51146.012476757474,0.8191318543679763,1886277739230582.8,12731.927723432407,0.130368790967228,0.13036888366669397,0.0566761828958988
662,51150.01792858351,0.8191303226479475,1886624505319856.5,12650.390933402405,0.1303684400428148,0.13036863988587993,0.0465883426368236
663,51154.02719668843,0.8191291668674755,1885291354088113.2,12730.930281479215,0.1303686165157976,0.13036845593770469,0.0499755665659904
664,51158.00309007395,0.8191275989865551,1886438129435852.8,12626.150486104338,0.1303680547971868,0.13036820640170602,0.0628309398889541
665,51162.002058975806,0.8191262491222135,1885981177541629.0,12622.068379726586,0.1303679965759313,0.13036799156412357,0.0545914508402347
666,51166.00345748808,0.8191249323094649,1885633806976418.0,12634.742428887299,0.1303679035978243,0.1303677819868655,0.0417069792747497
667,51174.00380105722,0.8191226471539675,1887288738435781.8,12817.335154374601,0.130367921395423,0.13036741829307236,0.0663990825414657
668,51186.01592575707,0.8191198783580266,1898688275858743.5,13327.284766697856,0.130367490819104,0.13036697762551194,0.0766736343502998
669,51190.01976576081,0.8191183904569979,1891781317843860.8,13240.855228410233,0.1303665232567053,0.1303667408187084,0.0599041990935802
670,51194.0018457733,0.8191169365981172,1888870984492469.8,13170.328290330332,0.1303664438652943,0.13036650942988098,0.0718920677900314
671,51198.00137175708,0.8191157888689421,1886365477480948.0,13226.852196741274,0.1303664134988505,0.13036632676310944,0.0637732520699501
672,51202.00067252369,0.819114510152659,1885858965203534.2,13229.764818248557,0.1303661346877985,0.13036612324909216,0.0683638975024223
673,51206.005188051924,0.8191134703731132,1884529249502739.0,13335.596934859475,0.1303662800811205,0.13036595776303772,0.05117953941226
674,51209.99999691305,0.8191120650394584,1885752154322856.0,13277.632197926794,0.1303656354405209,0.13036573409723987,0.057393342256546
675,51214.006207239145,0.819111111688715,1884076242346918.8,13415.703735689196,0.1303659137816608,0.13036558236675655,0.0573152564465999
676,51218.01490649854,0.8191097211127114,1885558579987202.0,13359.1472863434,0.1303651274036966,0.13036536104971183,0.0489936657249927
677,51222.019884276415,0.8191082240755042,1886637516046585.5,13258.515710557062,0.130364590256509,0.13036512278884033,0.0415446609258651
678,51226.02417464715,0.8191072373222523,1884697466011391.5,13383.33497366703,0.1303652961850934,0.13036496574218268,0.0618727318942546
679,51234.031688720985,0.8191048140489992,1885914769151691.2,13415.131022450501,0.1303647305872588,0.13036458006626597,0.0495087765157222
680,51241.99877638746,0.8191023366101353,1886086359664739.5,13422.042202034761,0.1303643609402267,0.13036418576962458,0.0431045852601528
681,51246.00172747675,0.8191010666275435,1885858078483079.8,13416.235755019317,0.1303639912190251,0.13036398364561744,0.0592843294143676
682,51250.00288893384,0.819100038513088,1885168624470217.8,13508.766104947146,0.1303640286076019,0.1303638200161198,0.0552101358771324
683,51254.0222072958,0.8190986249119007,1885905373476491.5,13443.301166122648,0.1303634429871801,0.13036359503450326,0.0527503713965415
684,51258.006302178714,0.8190971273696558,1886569805095924.2,13342.568540477117,0.1303629239644249,0.13036335669325252,0.0525784790515899
685,51262.01042656629,0.8190959755682361,1885554480170552.5,13391.497972073652,0.1303633070790675,0.13036317337836312,0.0417175441980361
686,51265.999605852136,0.8190936482029129,1889403414588817.8,12967.04539763573,0.1303621313446238,0.13036280296666752,0.0565554089844226
687,51270.002059172315,0.8190917570192239,1889415432090508.0,12736.498753547885,0.130361852088102,0.1303625019754351,0.0591565109789371
688,51273.998598509825,0.819090365594582,1887392692693883.5,12714.31615085529,0.1303622067841175,0.13036228052332544,0.0529558733105659
689,51277.997200055914,0.8190890680052157,1886144981045970.2,12732.693150786463,0.1303622660158881,0.1303620740055637,0.058068323880434
690,51281.99858674793,0.8190877248373142,1885819736011406.5,12732.345752104446,0.1303619049405832,0.13036186023375276,0.0494118072092533
691,51286.00312598487,0.8190866447987695,1884791117677646.0,12830.02422453266,0.1303619022513374,0.13036168834027964,0.0724454224109649
692,51290.000115672105,0.8190857557241397,1883705534664617.5,12995.69821669104,0.1303623014614391,0.13036154683965753,0.044588629156351
693,51294.00485638286,0.8190844103548827,1884978279080682.0,12976.608298956524,0.1303612594279897,0.13036133271748998,0.043997935950756
694,51298.00601785431,0.8190832585548967,1884831240305975.8,13032.647676754703,0.1303614209955765,0.13036114940282878,0.0434627383947372
695,51302.00810375046,0.8190819782835085,1885230253660574.5,13037.264845177098,0.1303609739649299,0.13036094564130885,0.0541097708046436
696,51305.99651259244,0.8190804643877386,1886174581759220.2,12955.524489176596,0.1303603845637445,0.13036070469731373,0.0414103902876377
697,51309.99511403731,0.819079778990664,1883697704577958.8,13189.777766979427,0.1303610968451087,0.13036059561298133,0.0429576598107814
698,51313.99442661756,0.8190785267156941,1884726266214595.2,13196.603884642213,0.1303605000796659,0.1303603963072298,0.0387640297412872
699,51317.996192539955,0.8190772356487523,1885264542265798.5,13191.51258001163,0.1303602015339331,0.13036019082754413,0.0321198925375938
700,51321.99650069773,0.8190762361471801,1884443416814394.0,13298.63798891354,0.130360345870573,0.13036003175192826,0.043623711913824
701,51325.998835504455,0.8190746847570393,1886094091663947.2,13193.089759460723,0.130359476464503,0.1303597848405187,0.0548312924802303
702,51329.99513780797,0.8190732816916455,1886247786330114.8,13144.695864611813,0.1303592700225001,0.1303595615357258,0.0407615043222904
703,51333.99588449684,0.8190722002866934,1885128731442127.8,13220.800435531026,0.1303596077812451,0.13035938942478217,0.0562372133135795
704,51337.99606229931,0.8190707488735784,1886005789680791.5,13155.282388266329,0.1303590011589,0.13035915842521048,0.0561267957091331
705,51341.99743711592,0.8190692247181746,1886610891355281.8,13066.392100322488,0.1303587062791532,0.13035891584834391,0.0549835711717605
