,Time,F0,F0Err,PulsedFlux
0,4725696540.273353,0.026995747700897365,1.3663873232871993e-07,0.2631758749485016
1,4725946118.711759,0.026995544052449114,1.4008342930083018e-07,0.24973157048225403
2,4726353648.150747,0.026994534910711666,2.0002640610528033e-07,0.16291414201259613
3,4726597481.718456,0.02699453219209272,1.0529983285323397e-07,0.2320680022239685
4,4726839467.710906,0.026994139058350117,1.1003719180280314e-07,0.2685745656490326
5,4727246347.106029,0.026993528666532273,1.7761932724624785e-07,0.18189887702465057
6,4727501962.897358,0.026993815083235437,1.104039739630025e-07,0.27970439195632935
7,4727756965.062128,0.026993212041891857,1.0811395156906656e-07,0.30736202001571655
8,4728157279.510978,0.026992611436923723,1.8956993130814226e-07,0.22256986796855927
9,4728404724.289229,0.026992479831087938,1.476003888001287e-07,0.2039402276277542
10,4728621210.974931,0.02699186524690608,2.140422310503709e-07,0.2694016993045807
11,4729052558.922174,0.02699152765154726,2.0002931933049695e-07,0.17266839742660522
12,4729303229.823857,0.02699142138031926,1.6458426443932694e-07,0.18560022115707397
13,4729561589.070535,0.02699059784439072,1.6907263500343106e-07,0.2029157131910324
14,4729961233.863606,0.026989550318854066,3.4963167649948446e-07,0.14171822369098663
15,4730214688.814695,0.026989659474478095,1.298267164884237e-07,0.26854565739631653
16,4730463797.867963,0.02698960353854539,1.3948559285381634e-07,0.2801005244255066
17,4730861456.296456,0.02698909962700478,1.442517429950385e-07,0.23295079171657562
18,4731109485.573745,0.026989257545115723,8.635383608179836e-08,0.2915026545524597
19,4731358614.161548,0.026989008615749308,8.766807013671496e-08,0.3143869638442993
20,4732012720.592905,0.026987697690110123,2.566591490449355e-07,0.1860581338405609
21,4732267588.452853,0.026987627052473727,2.418281894733809e-07,0.17818766832351685
22,4732670875.540242,0.02698761503409542,2.8949102670594584e-07,0.11840744316577911
23,4732920632.975537,0.026986814253368862,1.695560598591328e-07,0.16209542751312256
24,4733168530.671479,0.026986892143717356,3.1189429705591465e-07,0.12179194390773773
25,4733570205.943804,0.026986422660530408,1.9236127002386638e-07,0.1386307030916214
26,4733822324.480513,0.026986375655888406,1.8346551655668009e-07,0.14049766957759857
27,4734066810.920782,0.02698551166041633,2.140851336207561e-07,0.17230640351772308
28,4735625087.472052,0.026983833621675647,2.501646179098316e-07,0.14172165095806122
29,4736560054.511667,0.026983081484756904,2.0926674437760084e-07,0.1600566953420639
30,4738581652.835998,0.026979883825532187,3.0471679224319814e-07,0.12405484169721603
31,4739487932.247098,0.026983912826212562,3.3380419495188107e-07,0.13033731281757355
32,4741050317.038139,0.02699354602063097,2.4034702050812484e-07,0.1406208723783493
33,4741297072.699543,0.02699388319863859,2.2752691108962608e-07,0.13731637597084045
34,4741946232.175377,0.02699119146723625,1.6781189060566248e-07,0.16332845389842987
35,4742198639.519661,0.026989523633353052,1.9067775269832055e-07,0.12362543493509293
36,4742840925.038112,0.026988638735638632,2.285975568838694e-07,0.12748904526233673
37,4744654718.237172,0.02698641963606603,3.0252843430389476e-07,0.10029038041830063
38,4744901595.509135,0.02698504513184355,2.501546134681121e-07,0.08921752125024796
39,4745547956.925362,0.02698502983816768,1.1009672817863247e-07,0.31796395778656006
40,4746462738.15566,0.026982656815142506,1.7053504564046307e-07,0.1794406920671463
41,4747111307.437569,0.026981127207137977,1.6916563083668734e-07,0.11706086248159409
42,4747362773.321561,0.026980724729307768,1.102849722656174e-07,0.23352140188217163
43,4747609038.7536955,0.026978977950314825,5.388574919606981e-08,0.36662760376930237
44,4748004308.228362,0.026976473910530808,3.2458981991112523e-07,0.162019282579422
45,4748258097.9608345,0.026976624063686765,1.2635256041448883e-07,0.21265949308872223
46,4749817768.421165,0.02697232244558998,2.463769135374605e-07,0.10818846523761749
47,4750071763.302471,0.0269724482744206,2.2538823429840704e-07,0.12676040828227997
48,4750317299.947847,0.026972312646512616,2.5757455546226993e-07,0.15032030642032623
49,4753675771.346806,0.026968053066424524,2.1659270998952707e-07,0.22924508154392242
50,4753928936.368148,0.026967275558976246,8.053090283510755e-08,0.37795236706733704
51,4754330871.009968,0.026966504439656935,2.2372086050381768e-07,0.13771271705627441
52,4754574927.038405,0.026966203406372725,7.369697385684049e-08,0.3972231149673462
53,4754820887.497185,0.02696557764669083,8.518336613860811e-08,0.40999332070350647
54,4755738326.899482,0.026963644167580188,1.899416446349278e-07,0.12850992381572723
55,4756128989.63814,0.026962727191510584,2.4221768057941517e-07,0.14649711549282074
56,4756379903.268909,0.026962795836260496,1.1753348161391841e-07,0.27569013833999634
57,4756637846.886045,0.02696206145789681,1.5689012400343927e-07,0.25935307145118713
58,4757038102.595836,0.026960566354775502,2.836006274264946e-07,0.11786400526762009
59,4757291192.100236,0.02696106646324593,2.061745618675559e-07,0.1565266251564026
60,4757541384.421524,0.026960141172827724,3.776611663397489e-07,0.15531150996685028
61,4759340340.913644,0.026956573415178472,1.6013555637073296e-07,0.20036759972572327
62,4759986064.853564,0.0269555510037609,1.4370317558132228e-07,0.17292532324790955
63,4760652265.04855,0.02695320697255585,2.3653166181247798e-07,0.1607215851545334
64,4760901427.842868,0.0269530525843264,6.93453472422334e-08,0.4002454876899719
65,4761792037.839561,0.026951313229043088,1.22006085234716e-07,0.35214337706565857
66,4763609141.946257,0.026949437727459887,1.7813680130984721e-07,0.17728565633296967
67,4766062177.925792,0.026953222688705702,2.813161472658976e-07,0.13174501061439514
68,4766324383.285779,0.02695243016745423,2.2061885829316452e-07,0.21036332845687866
69,4768362947.28714,0.0269592319626798,3.002779465077765e-07,0.11609680950641632
70,4768775063.12325,0.026961392252734886,2.230863458407839e-07,0.14099273085594177
71,4769029668.706652,0.026963896461247798,1.4592824015835504e-07,0.1793433129787445
72,4769277910.694041,0.026966569159037758,9.395483147045525e-08,0.275811105966568
73,4769671618.801094,0.026969578841174097,1.411019212582687e-07,0.193704292178154
74,4769915953.932803,0.026970287930750493,1.2550169969927083e-07,0.20841790735721588
75,4770171014.562954,0.02697184969578137,2.0992244742501498e-07,0.16724418103694916
76,4770828351.387875,0.02697161389691791,1.6182639228645712e-07,0.18328306078910828
77,4771078773.465115,0.026973595438785407,1.1582305603496934e-07,0.2534269392490387
78,4771483529.311985,0.02697549645515536,1.8384682221039839e-07,0.17619644105434418
79,4771732189.912824,0.026976971322289094,1.555210502601767e-07,0.20278263092041016
80,4771980819.409935,0.026978349516313286,1.9554005348254577e-07,0.18834593892097473
81,4772383752.669766,0.02698071215500436,2.1984889997384016e-07,0.15256249904632568
82,4772630648.227515,0.026981741514466823,1.7922744177667482e-07,0.14968104660511017
83,4772877503.957702,0.026982055680154188,1.8478199592664168e-07,0.160345658659935
84,4773278870.7407875,0.026983691136364646,2.087736987732569e-07,0.11810429394245148
85,4773531054.688594,0.026983921525363205,1.930289101892413e-07,0.16258859634399414
86,4773783173.12058,0.026985148444803465,1.2129770254887262e-07,0.20775996148586273
87,4774191802.36584,0.026988071047779904,1.8115839850452176e-07,0.17894095182418823
88,4774443117.843082,0.02698901697822342,1.2844219554608571e-07,0.22785671055316925
89,4774690390.667984,0.026991225238739862,9.578019444234087e-08,0.2628418803215027
90,4775084771.741221,0.026994057037217294,1.8246008437472483e-07,0.18827752768993378
91,4775339621.852243,0.026995312356623544,9.89139579132825e-08,0.24617114663124084
92,4775589813.465915,0.026997687817614812,9.832574221491086e-08,0.26380419731140137
93,4775993745.348582,0.027000821419444692,1.1288003065601515e-07,0.24056541919708252
94,4776243679.201389,0.02700333868626329,7.034375215653199e-08,0.3228236138820648
95,4776495285.480767,0.027006377202434668,5.949036108177097e-08,0.31931814551353455
96,4776897368.911152,0.027010078755213003,8.047556576684656e-08,0.28179025650024414
97,4777142123.885131,0.027011888560709477,6.861181844897146e-08,0.3535575866699219
98,4777405712.800135,0.027014280190636945,8.623788261274967e-08,0.29770153760910034
99,4777795448.098228,0.027016942938969175,1.6009889236556774e-07,0.19361211359500885
100,4778043861.050692,0.027017942203958787,1.2743579702600982e-07,0.22123539447784424
101,4778296978.12364,0.027019234034963733,1.1083916717780085e-07,0.24792711436748505
102,4778694421.764245,0.027020897478642128,1.8249220090638119e-07,0.17365239560604095
103,4778942395.221271,0.02702235497961198,1.9450860122560698e-07,0.1631503403186798
104,4779197080.135314,0.027023269718558836,2.907874545599043e-07,0.1058509424328804
105,4779611821.712891,0.027024574419761728,1.9067712742071308e-07,0.1558828204870224
106,4779862738.105463,0.027026328823394036,6.274139252582245e-08,0.3673364520072937
107,4780109775.285813,0.027029031263207635,6.7358328692535e-08,0.38135266304016113
108,4780502042.095146,0.027032582151127322,9.707608228382014e-08,0.29826536774635315
109,4780751795.651491,0.027034721422968207,7.891858189168488e-08,0.2997089624404907
110,4781005892.698311,0.02703626719607608,7.805370216829033e-08,0.3203381896018982
111,4781413505.3622675,0.027038198152903564,3.108790735950606e-07,0.12905924022197723
112,4781662799.423101,0.02703874097451399,2.914326557856839e-07,0.09838573634624481
113,4781907090.254606,0.02704010385707846,1.6969303828773263e-07,0.18735483288764954
114,4783713089.996337,0.02704773001099191,1.933390052499817e-07,0.13105817139148712
115,4785023849.226658,0.02704708581686812,2.601493633846985e-07,0.1368626058101654
116,4785271263.400122,0.0270471441826037,1.331922874214797e-07,0.20899681746959686
117,4785524399.054835,0.027047164741941982,1.6125939339417528e-07,0.21457889676094055
118,4785917214.175008,0.027046601082244836,1.9714221366484708e-07,0.2130427360534668
119,4786170189.548423,0.027046282989467433,6.518443740333169e-08,0.40368279814720154
120,4786422560.594668,0.02704574859566949,2.386780693086621e-07,0.09977516531944275
121,4787069023.307736,0.0270446940085936,2.9370201559686393e-07,0.13642384111881256
122,4787318207.208649,0.027044542896952586,3.931415903934976e-07,0.0998334288597107
123,4788877839.958285,0.02704500828006384,2.696027934234735e-07,0.13671374320983887
124,4789134488.534699,0.027045850969054302,1.434316345694242e-07,0.23448583483695984
125,4789532802.594554,0.027047451913136136,1.9895858827112534e-07,0.16932685673236847
126,4789774517.191854,0.02704856614922374,1.2602079380030773e-07,0.2220132201910019
127,4790037818.648342,0.027051414209069924,9.401474443393454e-08,0.2500837743282318
128,4790437949.602111,0.02705553576656828,1.0193645749723146e-07,0.2540883421897888
129,4790689642.8992815,0.027057643161217677,9.740283957171414e-08,0.24850808084011078
130,4790935314.009988,0.027059387459881398,8.30464443879464e-08,0.27901849150657654
131,4791335359.109781,0.027061772289920922,1.3701314571790135e-07,0.18579503893852234
132,4791587772.068246,0.027064616299607002,1.1742916683488147e-07,0.2228592336177826
133,4792488895.558231,0.027064927035988524,2.5873785602925636e-07,0.1156635731458664
134,4793648227.152381,0.027073704180985925,1.1218374851296176e-07,0.19254298508167267
135,4794047305.226165,0.027074820387665215,3.713744263222907e-07,0.12199338525533676
136,4794296540.043321,0.027074716693814754,2.31101509484688e-07,0.12142293900251389
137,4794543509.015422,0.027074391398375083,1.617600133840824e-07,0.17828205227851868
138,4794949441.261228,0.02707331502874038,2.881419902678317e-07,0.11172052472829819
139,4795198341.907188,0.027074033011379273,1.3275989374506025e-07,0.21543575823307037
140,4795449101.621524,0.027073967165843614,8.129764950126628e-08,0.2753676474094391
141,4795857132.8221445,0.0270742167037196,1.5684157972373214e-07,0.15485577285289764
142,4796098908.920641,0.0270740987179296,1.4521592106575554e-07,0.1505843847990036
143,4796355516.24464,0.02707369044282867,1.0347640255758961e-07,0.2615257799625397
144,4796755266.153994,0.02707345437518198,1.6678443159889866e-07,0.17087841033935547
145,4797002002.6723995,0.027073831903591368,1.0341587852735756e-07,0.26310351490974426
146,4797255708.953494,0.027073828698579987,8.536758144828127e-08,0.3146201968193054
147,4797648312.718191,0.027073892088760522,1.5170897427196905e-07,0.19705606997013092
148,4797900288.432231,0.02707453074650136,6.845319688864038e-08,0.405874103307724
149,4798156408.457316,0.027074618829261477,5.892151833108983e-08,0.44167762994766235
150,4798560376.313433,0.027073940657650033,2.2942717237128818e-07,0.15176254510879517
151,4798814570.064633,0.02707301167049018,2.7527701718099706e-07,0.09096294641494751
152,4800363203.2247095,0.027073930091215902,2.967905743389565e-07,0.08344244211912155
153,4800860840.4099865,0.02707260156263435,2.1624633461669873e-07,0.10778044909238815
154,4801770895.616642,0.027071156787088976,2.539719048400002e-07,0.10120590776205063
155,4802166372.234983,0.02706967311123371,1.7764870108294417e-07,0.11150103807449341
156,4802421230.840368,0.02707014140109832,9.238927134447295e-08,0.27474313974380493
157,4802674085.674251,0.027069785081098155,1.8104096000115533e-07,0.1495695561170578
158,4803572483.379718,0.0270679763922343,1.400513838234474e-07,0.2100270688533783
159,4804885547.80684,0.027066368225308227,1.9515286453497538e-07,0.12219101935625076
160,4805124678.691255,0.027066302802885172,1.2982192743038468e-07,0.20973414182662964
161,4806024418.329083,0.027064044402975843,1.7575466415564733e-07,0.13206757605075836
162,4807834209.930114,0.027059584841153367,1.7491353787590924e-07,0.1426514983177185
163,4808741002.18017,0.0270573055769321,2.6626580051924975e-07,0.19361194968223572
164,4809650503.124227,0.027056642974072835,1.648943026566485e-07,0.19085276126861572
165,4810298569.871812,0.02705255891812264,1.9410616403092718e-07,0.11409801989793777
166,4810543031.619483,0.027045172386202125,2.62571688836033e-07,0.09597273170948029
167,4812608237.864481,0.027049915079595883,2.7682298764375446e-07,0.12015119194984436
168,4813006234.54467,0.027050088712954334,2.4932992914727947e-07,0.1024920865893364
169,4813246264.310715,0.02705045922286611,5.333903345672297e-07,0.13992860913276672
170,4813451408.584605,0.027050825086187377,6.052966909919633e-07,0.18018107116222382
171,4813901379.606902,0.027050362250958245,2.158850946898383e-07,0.14179407060146332
172,4814148316.720114,0.027050089954425746,2.1835374752754433e-07,0.10552866756916046
173,4815960050.405796,0.02704741872058345,2.3221282674512622e-07,0.13182546198368073
174,4816207089.18755,0.027046591214358113,2.6814595344148984e-07,0.13297681510448456
175,4816604512.273098,0.02704558399252138,2.3843188046157593e-07,0.1801016628742218
176,4816861624.133768,0.027045564699422646,9.669157208236356e-08,0.33906102180480957
177,4817764735.94442,0.027045235133729414,3.4279227634215204e-07,0.10224776715040207
178,4818021805.037455,0.02704599342295374,1.4226243649773096e-07,0.21203383803367615
179,4818419233.642635,0.027048309002126406,2.4270281073768274e-07,0.14459910988807678
180,4818669828.974534,0.027048960168409863,1.2940760996116296e-07,0.2077512890100479
181,4818915823.523048,0.027050792962239854,1.1869961014099317e-07,0.20452944934368134
182,4819312826.949345,0.02705482485339618,1.0796318150596562e-07,0.24212521314620972
183,4819567813.619371,0.02705701671751919,8.81984192346863e-08,0.26878708600997925
184,4819817422.988755,0.027059539385752413,7.226687159800349e-08,0.3213712275028229
185,4820216225.531627,0.027063129901052658,1.4076724141887098e-07,0.24196623265743256
186,4820465824.10011,0.02706460330954578,7.621579811711854e-08,0.32110700011253357
187,4820717294.35365,0.027062494266335394,2.4962849920484587e-07,0.12066838145256042
188,4821622754.493035,0.027060587764534606,2.9567249271167384e-07,0.12170512229204178
189,4822525328.9590225,0.027058706600127887,2.9216280950095097e-07,0.112538643181324
190,4823844852.788554,0.027055574495974292,3.183457693012315e-07,0.09197055548429489
191,4824087377.350147,0.027055313976657832,1.2086837841707165e-07,0.2664419710636139
192,4824732822.254621,0.027054188921500678,3.2405515071332047e-07,0.14822456240653992
193,4824979914.228906,0.027054658728495044,2.712499167500937e-07,0.0986451730132103
194,4825890065.275493,0.02705298641938331,1.3441025714655552e-07,0.20506325364112854
195,4826136282.187786,0.027052838345181112,1.4652026436579035e-07,0.16219517588615417
196,4827693081.738654,0.027049841997649714,2.738249236244883e-07,0.11685533821582794
197,4828587021.101457,0.02705147567140028,1.917255332273271e-07,0.16013921797275543
198,4828842677.001915,0.02705086180731499,1.4303692807970947e-07,0.1397804319858551
199,4831330252.621226,0.027048295656041048,1.3387881381277111e-07,0.244495689868927
200,4831548316.10325,0.027050160001163007,9.613914642159216e-08,0.2865048348903656
201,4831955154.47944,0.027052630812877097,1.0765034375026516e-07,0.2846343219280243
202,4832205477.979262,0.027052980461167442,1.7118318851316872e-07,0.17401523888111115
203,4832462234.334593,0.02705224813425014,2.1210301781593444e-07,0.14567141234874725
204,4832854347.103326,0.02705287452855153,3.979631060246902e-07,0.08779019117355347
205,4833105543.579667,0.02705221375380091,1.208445752354237e-07,0.2156214714050293
206,4833350275.152904,0.02705226207928913,1.1863169646630922e-07,0.26854363083839417
207,4833756077.925169,0.027052234508035677,2.4421831312793074e-07,0.1257905662059784
208,4834008768.192359,0.0270527632247898,1.4579703133676958e-07,0.2516564130783081
209,4834667687.545197,0.027050989690786585,2.1906299707552535e-07,0.118324413895607
210,4834911953.915204,0.027050760531022466,8.708837384574508e-08,0.21270228922367096
211,4835165346.624402,0.027050428013469675,1.2477900668272923e-07,0.1512642800807953
212,4835568093.100799,0.02704923433279312,2.483847936218808e-07,0.15103280544281006
213,4835810034.98312,0.02704867238153438,2.0630005792554584e-07,0.12116257846355438
214,4836066241.653842,0.02704839598563185,2.8323654532869114e-07,0.10238887369632721
215,4836468419.394578,0.027046054102187883,3.608435577007185e-07,0.11284589767456055
216,4840332419.373058,0.027038111869465788,1.7166564703074982e-07,0.23727048933506012
217,4841226947.037078,0.02703927049081788,2.0663007660459698e-07,0.11616509407758713
218,4841482365.369894,0.02704200672518702,2.731575818870624e-07,0.0896618440747261
219,4841882235.439328,0.02704286099572356,1.272799323714935e-07,0.20546932518482208
220,4842122233.889546,0.02704304795298478,1.0366856884047593e-07,0.23906126618385315
221,4842381664.235114,0.02704337111487587,1.1564281265918908e-07,0.2549249231815338
222,4842783133.256958,0.027043374020223693,1.5026125765871257e-07,0.19655141234397888
223,4843040235.532342,0.027044451379301938,8.219986113999767e-08,0.3083263337612152
224,4843277723.969292,0.027045887203090157,1.049818862952634e-07,0.31271296739578247
225,4843685635.363058,0.027046529153275666,1.7298812338140124e-07,0.23643386363983154
226,4843936112.411707,0.027046769655596235,1.054978611136903e-07,0.2624572217464447
227,4844202216.1427965,0.027046684836590423,1.0514251158610932e-07,0.342496395111084
228,4844592792.847882,0.027047277549153707,1.2875148058810737e-07,0.25314056873321533
229,4844848862.0887985,0.027047649426795398,9.570965175953461e-08,0.3039693534374237
230,4845091500.228915,0.027047991217492084,6.349017667162116e-08,0.39398208260536194
231,4845500494.579173,0.027048339684939825,1.3252045505396381e-07,0.22995691001415253
232,4845745699.226379,0.027048560119722086,8.625425351738158e-08,0.3037911057472229
233,4846000895.753275,0.02704910523886201,7.509988364517994e-08,0.3581567406654358
234,4846400877.602121,0.027049562328828658,1.3572417856266838e-07,0.24659816920757294
235,4846646912.076235,0.027049555853099736,7.973162752250573e-08,0.28936436772346497
236,4846869735.482084,0.027049937317449348,1.3421771427601925e-07,0.29338520765304565
237,4847297293.380259,0.027050236096765302,1.755605580910924e-07,0.19218721985816956
238,4847545515.060769,0.0270504077042172,7.607418694988155e-08,0.31448179483413696
239,4847801587.14573,0.027051074938888614,8.005337548411262e-08,0.30914559960365295
240,4848200736.259457,0.027051694742861787,1.3934582909769233e-07,0.2450491338968277
241,4848470978.579485,0.027052608508836964,1.248319705382528e-07,0.24992215633392334
242,4848714202.962891,0.027052715355670002,1.202859465365691e-07,0.24043449759483337
243,4849106508.023576,0.02705292224310961,2.3887406541689415e-07,0.16461020708084106
244,4849349549.290543,0.02705387017177795,7.631864207269246e-08,0.33921018242836
245,4849608155.141066,0.027055560323865278,8.01151500695596e-08,0.3506067991256714
246,4850003399.279471,0.02705763984184276,1.280428278960244e-07,0.2455490082502365
247,4850255361.975556,0.027057954940068803,1.1756753082181604e-07,0.22685275971889496
248,4850511321.551661,0.027058213019852864,1.2865706366937957e-07,0.21416670083999634
249,4850911411.467196,0.02705858802169185,1.4972037831739726e-07,0.14749710261821747
250,4851163698.9525795,0.027059115291796207,1.5330202529639791e-07,0.1502266377210617
251,4851411734.086601,0.027059136222432195,1.0475865508396964e-07,0.23931242525577545
252,4851812838.705535,0.02706138511304233,1.1807396305130169e-07,0.259765088558197
253,4852062593.985289,0.027062328143335396,8.105335069785724e-08,0.30581504106521606
254,4852317195.5634365,0.027063952240137648,1.0625424806676165e-07,0.25748446583747864
255,4852706840.663266,0.02706533833366393,1.712129034103782e-07,0.17029784619808197
256,4853620852.427595,0.02706855400941333,2.7256149337517854e-07,0.10508009791374207
257,4854771485.979718,0.027072903190148816,1.4509720358546474e-07,0.1528281420469284
258,4855688186.339054,0.02707021362702364,1.111786005481008e-07,0.3107423782348633
259,4855918719.594243,0.027068360402331626,8.234967907583268e-08,0.22799602150917053
260,4856318416.889308,0.027066047235396285,2.851746216947504e-07,0.10524541884660721
261,4856576333.697687,0.02706504876186966,2.0493909858032566e-07,0.12115387618541718
262,4856828735.355579,0.02706316718461949,2.9832463610546256e-07,0.12318368256092072
263,4857480098.573764,0.027062420427488767,1.8126142720120697e-07,0.12127427756786346
264,4857726770.702953,0.027060438657129596,2.2188808657119807e-07,0.13040991127490997
265,4858376506.126824,0.027056663796592204,1.965500331380099e-07,0.14175987243652344
266,4859286286.625803,0.02705255170046474,2.440108630707982e-07,0.13283368945121765
267,4861995147.703675,0.027054074091650202,1.958932500656374e-07,0.14951883256435394
268,4862245776.238673,0.027054105139967463,9.80378587200903e-08,0.28356921672821045
269,4862901776.371596,0.027053786483874475,1.372457774095892e-07,0.21905332803726196
270,4863149876.780263,0.027055003124033816,6.97488573564442e-08,0.35544466972351074
271,4864707038.021953,0.027056485584389636,1.0996174637512013e-07,0.2160308063030243
272,4864951874.228434,0.027054641212338575,1.5272583198111533e-07,0.14220289885997772
273,4865604147.823794,0.027053657896910527,3.06569262420453e-07,0.12148933857679367
274,4866498528.320259,0.027051633456035055,2.3498179757552862e-07,0.11378838866949081
275,4866750249.607754,0.027049853191688157,7.534836754530261e-08,0.22067466378211975
276,4867408297.416751,0.027046855917903123,8.500907000552616e-08,0.2718368470668793
277,4867666106.375031,0.027045115167777772,1.2224326439991273e-07,0.21445994079113007
278,4869195910.511403,0.02704189921379673,2.549342070778948e-07,0.16512268781661987
279,4871018314.6306925,0.027038569571931275,2.5561635652593395e-07,0.14062920212745667
280,4871914957.722861,0.02703644198162104,2.049281135896308e-07,0.19033263623714447
281,4872572326.0185375,0.027035802497851362,2.3247571334650274e-07,0.1356702595949173
282,4873728352.358651,0.027035190059571022,9.644048049040066e-08,0.27323469519615173
283,4873974777.167466,0.027037201133647548,2.0065508010702615e-07,0.10129569470882416
284,4874369711.426212,0.027036558374566984,1.7345513469990692e-07,0.15104122459888458
285,4874622022.485214,0.02703681879482864,1.4234437628601881e-07,0.1802724152803421
286,4875284667.88018,0.027034745567650335,2.6993734536517877e-07,0.174299418926239
287,4875538824.686719,0.02703519709713743,3.334749010264204e-08,0.6867439150810242
288,4875782525.582882,0.02703442331501894,1.9836771514292195e-07,0.22500289976596832
289,4876438126.735878,0.02703394593542985,1.218950274051167e-07,0.2160058617591858
290,4876682258.640467,0.027034385042997967,1.5436856415362854e-07,0.23720218241214752
291,4877079913.53901,0.02703476617301293,1.3894958783566835e-07,0.20679190754890442
292,4877335016.023401,0.027035354188464894,7.783656030824204e-08,0.29870593547821045
293,4877587333.085469,0.027035896759563433,8.965440656538703e-08,0.3218531608581543
294,4877986387.999252,0.027036187849807783,1.463931624812176e-07,0.18652072548866272
295,4878241464.465243,0.027036779801543263,2.0750260887325567e-07,0.14402024447917938
296,4878494298.884719,0.027036499270848807,2.133539283022401e-07,0.14625006914138794
297,4878887551.2511425,0.027035557323350157,1.6327206253663462e-07,0.17999416589736938
298,4879138477.126351,0.027037991130928793,1.0900934199753465e-07,0.22191521525382996
299,4880290573.992899,0.027039807106093144,1.1552292988881163e-07,0.16174201667308807
300,4880699001.6573105,0.02704375089756203,1.345583058309785e-07,0.2043382078409195
301,4881199503.883926,0.02704428868504567,2.3959461259437376e-07,0.10609549283981323
302,4881855648.394313,0.02704311512542689,1.0038833408998471e-07,0.31284770369529724
303,4883932950.792661,0.027045192616771376,2.1012928641539474e-07,0.1302635818719864
304,4884565135.477847,0.0270441294595205,2.670285539352335e-07,0.09136641770601273
305,4884809927.903029,0.027042876119461698,1.6346118059118453e-07,0.17277497053146362
306,4885204688.650574,0.027041148372687663,2.110458154902517e-07,0.12266185879707336
307,4885452510.174864,0.027040499072942592,9.07476191969181e-08,0.21386049687862396
308,4885705856.60991,0.027039582888633274,9.217443874831588e-08,0.27251410484313965
309,4887269499.584203,0.027044219557604658,7.797081025273656e-08,0.2635890245437622
310,4887519702.293092,0.027046331377787725,6.022816023687483e-08,0.3319507837295532
311,4887914933.833372,0.02704951117221472,7.488421260859468e-08,0.2555972635746002
312,4888161580.220789,0.027051376592902215,5.7844957268571306e-08,0.3511388599872589
313,4888413940.882762,0.027054037193290335,6.1941250351083e-08,0.35086581110954285
314,4888791013.143685,0.02705714385010371,1.3500005024980055e-07,0.26563799381256104
315,4889060726.47147,0.027059999547770813,1.9968379660895152e-07,0.2850589454174042
316,4889320009.09022,0.02706057844156291,1.727442935361978e-07,0.22370612621307373
317,4889730618.3227625,0.027063067112757806,2.1124826332652447e-07,0.1861201971769333
318,4889972406.753654,0.027064421029039804,9.065378492323362e-08,0.2655918002128601
319,4890221591.667034,0.02706592057106741,1.061058938489623e-07,0.2923335134983063
320,4890621000.805825,0.027068638140582118,1.947996111084649e-07,0.20376348495483398
321,4890868758.903552,0.027069960871241788,1.5363370664545073e-07,0.1868559867143631
322,4891133994.050771,0.027071352504146103,1.4525556935041095e-07,0.2431996762752533
323,4891528944.102865,0.02707328859421213,3.8352558817678073e-07,0.14915907382965088
324,4891776133.505513,0.027074305963671805,1.3993587799632223e-07,0.2417682707309723
325,4892032573.817774,0.02707582808277378,1.002004239580856e-07,0.26953718066215515
326,4892429049.815926,0.02707786653144827,1.7537742280637758e-07,0.1617756187915802
327,4892681613.698956,0.02707905763711527,8.838154741397375e-08,0.2944033145904541
328,4892941121.820344,0.027081419112772953,5.123899171621815e-08,0.40039002895355225
329,4893326658.8255,0.02708430674812397,1.6060459984146291e-07,0.20864105224609375
330,4893577779.499274,0.027085963505375742,1.0814943607329042e-07,0.2809380292892456
331,4893835458.482215,0.027087516088913747,7.71542971733652e-08,0.3114093542098999
332,4894228159.450753,0.02708991401424564,2.7931608315157064e-07,0.17879416048526764
333,4894490147.13806,0.027089079735386427,4.3122477677570714e-07,0.1363610029220581
334,4896041639.530246,0.027086601172131228,3.700767479131173e-07,0.10252829641103745
335,4896286771.802458,0.027086566237562656,1.1562083557237202e-07,0.21142296493053436
336,4896538634.695534,0.027085084645417857,1.80960441298339e-07,0.14250247180461884
337,4896941491.634288,0.0270826395919252,1.7284584430399264e-07,0.11259901523590088
338,4897434528.047008,0.027082472997776757,2.639550302774296e-07,0.1411624550819397
339,4901056795.795742,0.027078266474497164,2.0438446313164604e-07,0.12088343501091003
340,4902352562.531311,0.027077114848749816,2.534896168526757e-07,0.1438809037208557
341,4902601882.150886,0.027077628191149415,1.8462294804066914e-07,0.14745551347732544
342,4902855792.833474,0.02707680862793721,1.469723684976998e-07,0.18678349256515503
343,4903265397.185358,0.027076045997443208,2.4919444285842474e-07,0.12622766196727753
344,4903516803.856844,0.027076242232369516,2.095487445785693e-07,0.10049565881490707
345,4904411570.2315235,0.027077117936154003,1.5665978025936056e-07,0.17550122737884521
346,4904669398.715481,0.027077006774269937,2.3318420971918385e-07,0.15919388830661774
347,4905322659.393867,0.027076413741100723,2.3050715469707939e-07,0.12200350314378738
348,4905570073.542085,0.02707556658914978,1.0946235562414586e-07,0.25082728266716003
349,4905968970.420959,0.027074685847302767,2.6733007985058066e-07,0.09723905473947525
350,4906219476.952987,0.02707419578265658,2.804207213102927e-07,0.08704094588756561
351,4906469367.7416525,0.02707379638706505,2.562648830917169e-07,0.10011442005634308
352,4907120801.996444,0.0270731133382831,2.216217751538352e-07,0.12416242063045502
353,4908009931.884152,0.02707066171627446,6.46446451924021e-08,0.29018330574035645
354,4908270553.024865,0.02706862343476585,1.9273204543424072e-07,0.10249844938516617
355,4910733643.285444,0.027072303548080722,1.3348652316835796e-07,0.1646399050951004
356,4910984895.873924,0.02707206308180371,1.433993759292207e-07,0.21521872282028198
357,4911377869.587374,0.02707174896927142,2.043735776169342e-07,0.15440130233764648
358,4911893629.724858,0.027071810686301073,3.1376194442600536e-07,0.0951109230518341
359,4913438933.306189,0.027068470203220275,2.1379602799243003e-07,0.14023713767528534
360,4916394681.340543,0.027062275430018084,2.1984308773426164e-07,0.12673014402389526
361,4917701858.278271,0.027060052658272913,3.0114148330540047e-07,0.14253932237625122
362,4922220395.31601,0.027081422093945387,2.7036583105655154e-07,0.10617618262767792
363,4922467896.513677,0.02708292551741744,1.4319398644602188e-07,0.20633597671985626
364,4922720595.804919,0.0270841790220912,1.5009889864359138e-07,0.19893530011177063
365,4923117859.206831,0.027085030268510616,1.6938707858571433e-07,0.14673981070518494
366,4923364243.746713,0.027086451366996715,8.10922031746486e-08,0.28628790378570557
367,4923619708.011025,0.027088065867022844,6.213183922909593e-08,0.34382185339927673
368,4924021068.138889,0.02708989124058722,1.1773670394177316e-07,0.18082155287265778
369,4924264776.631976,0.02709152920728716,4.7917101397843e-08,0.4232710599899292
370,4924528221.250392,0.027093202454272932,5.1394746236610445e-08,0.44953078031539917
371,4924918898.700219,0.02709480568442608,1.3913476948346215e-07,0.2317935824394226
372,4925173815.413172,0.02709627894504715,7.56254863176764e-08,0.3650071620941162
373,4925419376.434898,0.02709711503976484,1.379771532583618e-07,0.28299176692962646
374,4925827672.151668,0.027097226336550494,3.7981959621902206e-07,0.15547004342079163
375,4926082460.982977,0.02709870882210386,9.49528740079586e-08,0.2616809904575348
376,4926327269.066979,0.02709994463525117,6.669736052344888e-08,0.38945841789245605
377,4926723843.16889,0.02710128776188429,1.5532739894297265e-07,0.19019779562950134
378,4926972389.786608,0.027102863322246047,6.951687936407325e-08,0.42008692026138306
379,4927226305.07883,0.02710368027666964,1.703126883967343e-07,0.17153573036193848
380,4928787179.437483,0.027102127238276524,8.338207635461004e-08,0.2449219822883606
381,4929041940.179843,0.027100112631380485,1.304416201719505e-07,0.1961379200220108
382,4929435109.285592,0.027097632773408407,2.248289945327997e-07,0.11371415853500366
383,4930587632.233113,0.027094200065739885,1.0058398203227625e-07,0.32271990180015564
384,4932648434.8063345,0.02709020047144281,2.316659362122664e-07,0.11251409351825714
385,4933300441.209625,0.02708863560523044,1.319460949389395e-07,0.17340928316116333
386,4933554675.522795,0.02708789451330182,1.0564131258661291e-07,0.20738694071769714
387,4933949033.135935,0.027087695652281783,8.816193286520502e-08,0.2920495867729187
388,4934196108.359279,0.02708771523442356,4.2396347765816245e-08,0.426214337348938
389,4934453000.652013,0.027086929256863793,1.841271881630746e-07,0.2190742939710617
390,4936914729.026312,0.027085817046167547,1.3079986160846602e-07,0.2547650933265686
391,4937161097.395737,0.027086069336197876,1.4824276206582e-07,0.19509030878543854
392,4937560362.539612,0.02708636832222416,1.721521982744889e-07,0.167418971657753
393,4937810796.704074,0.027086258486866802,1.1527394860877394e-07,0.18284115195274353
394,4939615445.67971,0.02708444835567118,1.1294562085595317e-07,0.24773161113262177
395,4940516145.335703,0.027083430384450203,2.8186755685055687e-07,0.09870634227991104
396,4940764730.660197,0.027082949762828788,3.4365260148661037e-07,0.09820546954870224
397,4941172206.213456,0.027086246853988968,1.947800853940862e-07,0.14782370626926422
398,4941418328.398678,0.02708733158160691,2.2383267150871689e-07,0.13787128031253815
399,4941667764.696809,0.027088519774903924,2.730184007759817e-07,0.1710345298051834
400,4942321862.768224,0.0270914537625517,2.0654772470152238e-07,0.16432933509349823
401,4942585777.600952,0.027092977311855705,2.258083071637884e-07,0.13684062659740448
402,4942972752.904287,0.027096262945778986,2.0358164931622014e-07,0.10615222156047821
403,4946586186.108356,0.027095740420266093,3.1515460818809515e-07,0.12699276208877563
404,4948889863.300911,0.02709486936505442,1.410456320627418e-07,0.18414956331253052
405,4949292176.924445,0.027095977212559384,2.4366602247027913e-07,0.11289235204458237
406,4951346545.516512,0.02709346396624797,1.7170530952625995e-07,0.14815343916416168
407,4952250851.390272,0.027091361752904764,1.7195031887240475e-07,0.1487388163805008
408,4953803594.776136,0.02708765245437172,2.1494868462923478e-07,0.15731501579284668
409,4954053899.515016,0.027087406404743095,8.593395506295565e-08,0.2740735411643982
410,4954301371.880768,0.027086977847530235,7.847675220773453e-08,0.3472543954849243
411,4954709226.754135,0.0270856132315995,1.1012860312575867e-07,0.25726497173309326
412,4954961264.53221,0.027085516654144288,1.5139369224925758e-07,0.18393629789352417
413,4955212589.571295,0.027084746077599354,1.639722171375979e-07,0.16522224247455597
414,4955864020.980096,0.027083293931153034,1.551040327285591e-07,0.1097031831741333
415,4956113029.018488,0.027081777484047758,1.5738406489163026e-07,0.15248487889766693
416,4956510854.741574,0.02708223007683727,2.888673975576239e-07,0.08709970116615295
417,4956757257.684278,0.027082139193079644,2.3946998339852144e-07,0.10326933860778809
418,4957014335.956571,0.02707943108144202,2.651376576068287e-07,0.09639066457748413
419,4957415475.066142,0.027076677524931755,1.9723304944818665e-07,0.14628544449806213
420,4957670681.667668,0.027074970210163776,1.3242427598925133e-07,0.21320927143096924
421,4958580866.871749,0.0270651787181747,2.2530011278831807e-07,0.10190825909376144
422,4959481091.773667,0.02707006980647408,2.221423756054719e-07,0.12088128924369812
423,4959731726.211019,0.027068975452025627,3.1703680747341423e-07,0.10966834425926208
424,4960370264.352687,0.027068316176967915,1.1562196533532187e-07,0.2115650773048401
425,4960629240.507486,0.02706638464349265,9.597567895980319e-08,0.21844851970672607
426,4961027130.921527,0.027063473825878013,1.9694353170507384e-07,0.12427426129579544
427,4961279357.130478,0.027063059880953824,1.486236129721874e-07,0.1524447649717331
428,4961533946.291923,0.027061294793678446,8.686222230380736e-08,0.23971666395664215
429,4962179450.808729,0.02706051939015526,3.115465290193242e-07,0.1623685359954834
430,4962825620.988808,0.027058793423172793,1.727231619952363e-07,0.20377850532531738
431,4963086224.968554,0.027057777150014874,9.628458030874754e-08,0.345663458108902
432,4963332669.0612755,0.027057699802018942,2.888037329284998e-07,0.11137150973081589
433,4963983099.545294,0.027056065777555614,1.7138192731636082e-07,0.16028140485286713
434,4964244973.445938,0.027056754201729243,1.27861866872081e-07,0.25250759720802307
435,4965142400.128572,0.02705380308326062,1.184168567647248e-07,0.1907198429107666
436,4965544353.843885,0.027051718284871542,2.6120420670849853e-07,0.08864691108465195
437,4965791666.857179,0.027051885802872492,2.100523914805308e-07,0.11883696168661118
438,4966038852.459711,0.027053120722261632,1.1229585084038263e-07,0.18156887590885162
439,4966443419.855312,0.027054626174041425,1.533575471057702e-07,0.19519098103046417
440,4966692472.907222,0.02705690786756439,8.692607167404276e-08,0.2712918221950531
441,4966949562.4712305,0.027059843629572963,1.1728864990345755e-07,0.220669224858284
442,4967345857.344815,0.02706284414286974,2.2708330504883634e-07,0.1268267184495926
443,4968748255.620339,0.027063431461826284,2.3764404488701985e-07,0.11178606748580933
444,4969155548.713867,0.02706513184240268,2.385146729011467e-07,0.13481798768043518
445,4969401289.740325,0.027066958657410538,1.8669891233003e-07,0.14314569532871246
446,4969665840.872424,0.027066577350782255,2.99036059914215e-07,0.1171816810965538
447,4970554616.825065,0.02706518496404442,2.7469246788314194e-07,0.10507039725780487
448,4970951718.784165,0.027065538934187536,2.0169225933841517e-07,0.10963008552789688
449,4971202534.339096,0.027065142977837926,1.3974798207527783e-07,0.24377289414405823
450,4972112343.724502,0.02706308212140179,1.2222412237861136e-07,0.18075703084468842
451,4973915090.031758,0.02706449633037582,2.0895595298497938e-07,0.09200779348611832
452,4974163809.09606,0.02706507037116448,1.6832234450703254e-07,0.2105650156736374
453,4974820511.843717,0.02706720413753372,1.547980730265408e-07,0.2050079107284546
454,4975063441.584414,0.0270675744474723,1.4589257091301988e-07,0.1709597110748291
455,4975717589.552511,0.027067696330633804,7.728419859631686e-08,0.30155500769615173
456,4975973805.244075,0.027067631848525685,1.4422931826629792e-07,0.15586815774440765
457,4976872223.463268,0.027066095513557927,1.6121431656301866e-07,0.14513763785362244
458,4977273096.3388815,0.02706507082075929,3.0011401008778193e-07,0.12997746467590332
459,4977528572.474712,0.0270654426493803,8.99508521001735e-08,0.31505101919174194
460,4977782643.640663,0.02706461226158624,2.445954692120722e-07,0.10384508222341537
461,4978425579.326368,0.027065871763742286,2.0886082552351581e-07,0.1608060747385025
462,4979076022.981345,0.02706464190692579,3.000093897753686e-07,0.0898742824792862
463,4979333935.406972,0.027065101611603023,2.236438660929707e-07,0.10048215091228485
464,4979580889.607193,0.027064133488605858,2.482201750808599e-07,0.10365273803472519
465,4980231850.089456,0.027063771787574038,2.566791863500839e-07,0.10742544382810593
466,4980487730.777063,0.027062503250467065,1.6550066561649146e-07,0.19086332619190216
467,4981134133.894732,0.027059397493748374,2.8885423830615764e-07,0.1721937656402588
468,4982033902.443181,0.027058160723895185,2.4621354555165453e-07,0.1363661140203476
469,4983595180.06462,0.027063598378722187,2.2049957237868512e-07,0.12463489174842834
470,4983844608.410796,0.027064319339751123,1.6548084147416375e-07,0.16178801655769348
471,4984099088.649454,0.027065240882236295,1.5928618779526005e-07,0.15376664698123932
472,4984499220.867836,0.027067120038681697,1.6555853221689176e-07,0.15368527173995972
473,4984741605.74752,0.027069690726553998,8.553793406917976e-08,0.23223817348480225
474,4984998398.67431,0.027072340217075667,1.9416950181039283e-07,0.1456824094057083
475,4985395542.787381,0.02707405572053057,1.73830613903192e-07,0.13992543518543243
476,4985645709.261402,0.02707402078984766,5.615424925053958e-08,0.5477371215820312
477,4986552776.849,0.027072693177382503,1.2568945351176808e-07,0.28657928109169006
478,4986798612.863945,0.027071975626377146,1.7121108442097466e-07,0.2106567770242691
479,4989512140.473316,0.027075472798658684,1.1441406400081178e-07,0.2540205121040344
480,4991718274.430153,0.027070448035760714,3.065955240799667e-07,0.10270471125841141
481,4992869313.620486,0.027065814902797018,2.2010887335000007e-07,0.09265464544296265
482,4993121302.802536,0.02706432052379546,9.890179342164629e-08,0.17250332236289978
483,4993518484.198806,0.027061915285924824,2.0052931404279661e-07,0.11130442470312119
484,4994020474.383501,0.027059527430022223,1.4253662072860607e-07,0.16725140810012817
485,4994677393.502127,0.027057262661964555,1.8803069679051987e-07,0.12465347349643707
486,4994929184.373116,0.027055992779744978,2.2906708352365968e-07,0.12171118706464767
487,4995327142.472238,0.02705420264688157,3.17514093239879e-07,0.10858777910470963
488,4995573530.523656,0.027053804410250595,2.0475971496125567e-07,0.14265447854995728
489,4996483813.791613,0.027050170222616444,2.134327274916359e-07,0.13839423656463623
490,4996730856.180075,0.02704914016653515,1.7049575262717553e-07,0.15469717979431152
491,4997636241.92736,0.027046207977170132,2.1574129505097517e-07,0.11739054322242737
492,4999188987.52217,0.027043203554998615,1.018722315393461e-07,0.2688940465450287
493,4999438646.018309,0.0270418592552085,3.634030463217641e-07,0.11089032888412476
494,4999841463.948867,0.027039947515657872,1.8392331924133032e-07,0.12165609002113342
495,5000337035.233345,0.0270380964311011,1.652200722901398e-07,0.14038945734500885
496,5000988540.895285,0.02703483770075162,2.2707956759404624e-07,0.11109952628612518
497,5001244489.182918,0.02703286904779268,9.811832768491513e-08,0.20777671039104462
498,5001645223.201325,0.02703018800926544,7.901037690771773e-08,0.23622870445251465
499,5001903427.762733,0.027028540717678233,4.084551008531889e-08,0.3920673429965973
500,5002150146.636576,0.02702618185286885,1.6841498506892094e-07,0.14037100970745087
501,5002545115.246214,0.027024184705891272,1.4126425185168046e-07,0.14801642298698425
502,5003450548.318935,0.027021223111181894,2.1539851502438978e-07,0.10953134298324585
503,5007556751.851817,0.027015464714444264,1.4064235642763379e-07,0.2178162783384323
504,5007966013.262854,0.027014962727423954,1.2601276466739364e-07,0.19476619362831116
505,5008217041.684784,0.027015271407718366,6.727326962163716e-08,0.3588028848171234
506,5008472942.829431,0.027015487900502372,7.07631144791776e-08,0.36681997776031494
507,5008860415.697818,0.02701546040272394,1.2581629960095597e-07,0.24774214625358582
508,5009110441.661409,0.027015935398839924,6.771991678533595e-08,0.36015698313713074
509,5009369409.205941,0.02701591792478388,6.232542659745377e-08,0.3990618884563446
510,5009762957.1230955,0.027015292726325406,2.779793817353493e-07,0.1506281942129135
511,5010019191.324119,0.02701605406162076,2.0495086516802985e-07,0.1616886556148529
512,5010272257.817949,0.027015419191128077,9.697420466636686e-08,0.24428705871105194
513,5010679068.65528,0.027014997462434485,1.5248164686454402e-07,0.20223693549633026
514,5010927640.586251,0.027015459480247223,8.321794808807681e-08,0.28771546483039856
515,5011166474.465459,0.02701507024155431,1.1817158451776777e-07,0.24561449885368347
516,5011578360.1075535,0.027014434534889182,1.7828585896495497e-07,0.16699537634849548
517,5011830945.5940275,0.027015019924060725,7.570649529498041e-08,0.35456833243370056
518,5012075314.153702,0.027015196523675244,8.487815250646236e-08,0.31331968307495117
519,5012475097.957444,0.02701528245980706,1.8081482267007232e-07,0.20518521964550018
520,5012719183.140581,0.027015532699902787,6.754378745199574e-08,0.36418089270591736
521,5012974393.875091,0.027016087223657975,4.239268136529972e-08,0.5076638460159302
522,5013385575.714688,0.02701653172042899,7.539776447629265e-08,0.3406127393245697
523,5013632724.026056,0.02701687744545926,6.770554250579153e-08,0.3625774681568146
524,5013884296.02216,0.02701675726882898,7.81279965167414e-08,0.31636926531791687
525,5014277745.2571,0.027015717301163495,3.523224734180985e-07,0.10244804620742798
526,5014533549.058852,0.02701594657654908,1.6547423342672118e-07,0.18747250735759735
527,5014786679.894622,0.027015709763965164,1.1466465110743229e-07,0.2875632047653198
528,5015181446.460141,0.02701533426356893,2.2147462175325927e-07,0.10742048174142838
529,5015434991.785351,0.02701534533288478,7.6224033307426e-08,0.34261876344680786
530,5015690502.646187,0.027015320224017286,8.696944320263356e-08,0.2747504711151123
531,5016085168.189819,0.02701459090417579,1.9987815846889134e-07,0.0861792042851448
532,5016339141.448806,0.027014984237982816,1.6473804009820014e-07,0.1455453634262085
533,5019957345.891032,0.027016790240691237,3.107928705503582e-07,0.13686785101890564
534,5020196694.799933,0.027016375216558208,2.2958911927162262e-07,0.1502857655286789
535,5020595016.505445,0.02701695506597173,1.8773576471176057e-07,0.13601012527942657
536,5020847794.221148,0.027017448112780208,1.1588115000904509e-07,0.22432313859462738
537,5021095107.83949,0.027017318949475472,2.045745617351713e-07,0.10444357991218567
538,5021754615.9818535,0.02701864127218088,1.2049073916386988e-07,0.21582965552806854
539,5022006801.220919,0.02701828749123986,1.5127999120068125e-07,0.2189377248287201
540,5022662725.110442,0.027017509875260717,2.2126603482774954e-07,0.11908195167779922
541,5022908592.373095,0.027017229178362703,1.5826817900688184e-07,0.16217994689941406
542,5023302527.874306,0.027016378526990233,2.942448986686941e-07,0.1173112541437149
543,5023546547.816624,0.027017035153921252,1.518064323136059e-07,0.17416143417358398
544,5024461281.656182,0.027017294192755167,2.0331614791757602e-07,0.13770651817321777
545,5024710342.2265215,0.027018669987537457,3.8122038859000895e-07,0.08276215195655823
546,5025357689.179816,0.027017743069634597,2.1216391132838908e-07,0.12197038531303406
547,5025612229.231895,0.02701793960806046,2.9229468623270805e-07,0.12762898206710815
548,5026260705.804887,0.027018894928036302,2.211994427625541e-07,0.1507408320903778
549,5026513205.538466,0.027017379129112583,2.0507650333456695e-07,0.11937133967876434
550,5027420292.236802,0.027015843469866258,2.627037645197561e-07,0.11360088735818863
551,5029868738.076938,0.02701735141532681,1.6943404546054808e-07,0.1984787881374359
552,5030779875.707126,0.027016848179100213,1.8657095779417432e-07,0.1562006026506424
553,5031031077.836536,0.027014878745070327,3.4312864727326087e-07,0.11383222788572311
554,5031421317.000029,0.02701524677801635,2.5980668283409614e-07,0.11996304243803024
555,5033487376.657251,0.02701476728952082,2.623311843308329e-07,0.12215673923492432
556,5034387926.246948,0.027014327351174865,2.2723979498096014e-07,0.10362204909324646
557,5034634939.194856,0.027013724909113267,2.0596085903434869e-07,0.13081879913806915
558,5035542996.026126,0.02701162685559037,1.653775001386748e-07,0.09799733012914658
559,5037091025.742272,0.0270095751840209,2.2589753712054517e-07,0.1495400071144104
560,5037344353.436385,0.02700778203820479,2.4962352540569555e-07,0.08068257570266724
561,5037746983.04511,0.02700751043423284,1.826746824917791e-07,0.14114797115325928
562,5038253292.393727,0.0270068281732977,1.6638173860883398e-07,0.17228949069976807
563,5038901405.386207,0.02700625064475319,7.90628362778989e-08,0.2052505910396576
564,5039545000.584094,0.02700342636474728,3.268619082064106e-07,0.08106748014688492
565,5040047475.670825,0.027003344325332957,2.1196012767177308e-07,0.14848017692565918
566,5041853585.0728245,0.027003311858402122,2.1472008882028604e-07,0.15724915266036987
567,5042260749.049298,0.027001250091586635,3.53224606897129e-07,0.0926276296377182
568,5042505491.347453,0.02700173155518326,9.487713725775393e-08,0.2332010567188263
569,5042760299.613671,0.027001069739563045,1.1688843670754068e-07,0.2222336083650589
570,5043165599.150881,0.02699920236787642,2.3533432624844863e-07,0.07868065685033798
571,5043406715.865987,0.026999015875704947,1.8190576156484894e-07,0.11870571970939636
572,5043663863.625145,0.026997766295344415,2.6802041475093574e-07,0.14496345818042755
573,5045213627.796153,0.026995528700687492,2.364985078884274e-07,0.12891440093517303
574,5045466518.953784,0.026994965352571856,2.764689384093799e-07,0.1421670913696289
575,5046120223.401491,0.026994189593102492,2.370506848592413e-07,0.11111274361610413
576,5046371839.605602,0.02699495854651938,3.457067521139834e-07,0.08372697234153748
577,5048178561.927993,0.026994757221538077,1.847520962883209e-07,0.14622239768505096
578,5048826816.263151,0.026993230192597903,2.1019864959725965e-07,0.12224812060594559
579,5050635666.473124,0.026990265247116466,1.491804653142026e-07,0.21816803514957428
580,5050883470.699486,0.026989980184217346,4.673605928928737e-07,0.09556495398283005
581,5052445349.038293,0.02698847131283446,2.774913241410104e-07,0.0017048988956958055
582,5052691054.036442,0.02698830574234361,2.0104714337776386e-07,0.0018556542927399278
583,5054496887.858028,0.0269853089795788,2.2202260652193218e-07,0.15793177485466003
584,5055151412.378559,0.02698406999188319,1.8040626059701026e-07,0.20041866600513458
585,5055400723.475713,0.02698504868728149,1.5276285125764844e-07,0.30269527435302734
586,5056955797.995982,0.026988120886883286,1.3618260652492609e-07,0.16633519530296326
587,5057200417.235231,0.026988877640187554,3.986569936387241e-07,0.09583093225955963
588,5057605591.82028,0.026991262597909488,1.996453420360922e-07,0.15529775619506836
589,5057862349.193708,0.0269920280368438,1.366433792782118e-07,0.20535258948802948
590,5058112157.557869,0.026992154489109008,2.7507576305652037e-07,0.15072180330753326
591,5058507722.613049,0.026992567833311852,1.8467112283815368e-07,0.1523725688457489
592,5058759836.564032,0.02699232709280611,1.9361685588137334e-07,0.14071741700172424
593,5059005830.377483,0.026993151276097863,1.95887082554691e-07,0.15929076075553894
594,5059409895.100912,0.02699350046198251,2.770087519365916e-07,0.10307876765727997
595,5059663982.818704,0.02699403603132479,3.040012757082877e-07,0.11583643406629562
596,5059909600.491506,0.026993690317577708,2.0807159728519764e-07,0.1441800445318222
597,5063524286.864945,0.02701742999436477,1.8514006683290063e-07,0.13739225268363953
598,5063922694.342221,0.027018838918630706,2.535638543577079e-07,0.13560305535793304
599,5064422827.251707,0.027021101883070858,1.5522914509347174e-07,0.15892423689365387
600,5065083699.119286,0.0270214117545517,1.8980192351136793e-07,0.1561720222234726
601,5065322621.546477,0.02702119287097525,1.3552140387673717e-07,0.2129696011543274
602,5065733168.052642,0.02702140846518325,3.539800275120797e-07,0.09708080440759659
603,5065986409.903709,0.027021755587100956,1.3871549242594483e-07,0.21137678623199463
604,5066634528.425003,0.027021006816949827,3.585934678085323e-07,0.11558779329061508
605,5066879089.921209,0.027020253408086236,2.0009207446491928e-07,0.21886736154556274
606,5068482095.508183,0.02701785076353668,1.606499182571497e-07,0.27770760655403137
607,5068685319.339084,0.027017892046961017,7.11322698521144e-08,0.36590567231178284
608,5068941039.284365,0.027017085013231103,8.346037105866344e-08,0.33275872468948364
609,5069336540.685603,0.02701578051445673,1.324471412544881e-07,0.232129767537117
610,5069591528.072079,0.02701611091856513,6.520443207591597e-08,0.3727932870388031
611,5069840964.439269,0.027015321629295305,6.572959421191626e-08,0.3718869388103485
612,5070237938.128698,0.027014199286023794,1.7340664726361865e-07,0.16728807985782623
613,5070490730.786796,0.02701442392511151,1.5288904364751943e-07,0.18964624404907227
614,5070748096.7491,0.027013521989884253,1.3462184256241017e-07,0.19022898375988007
615,5071139853.977008,0.02701276576308444,1.8904999876667716e-07,0.147350013256073
616,5071339453.412023,0.027012216380553376,1.355205085928901e-07,0.2565242052078247
617,5071644844.912408,0.027011685092880457,9.086360819310357e-08,0.2950242757797241
618,5072079410.515263,0.0270108017708501,2.845857807187713e-07,0.10930665582418442
619,5072327817.249178,0.027010839811648736,1.971380356735608e-07,0.1462893933057785
620,5073450337.213782,0.027009355368116703,1.935084696924605e-07,0.17356011271476746
621,5073854214.475025,0.027009919490258986,2.0864364103090338e-07,0.10292568057775497
622,5074357860.6636715,0.027010475579169912,2.2093706775194732e-07,0.11330817639827728
623,5077064103.100959,0.027003452888680692,1.6866606245002913e-07,0.12537099421024323
624,5077971515.024357,0.027001374358822335,3.467600890871836e-07,0.10753435641527176
625,5078358469.163862,0.027000365899197167,1.8922447964087041e-07,0.12635236978530884
626,5078609390.920405,0.02700105373709385,3.1904187380860094e-07,0.09559042006731033
627,5079523042.8645115,0.02699897124886791,2.0726447758079303e-07,0.11224761605262756
628,5080419703.085999,0.026997906653687048,1.4522987612508587e-07,0.18688057363033295
629,5081329426.019376,0.026995025029932264,2.573739266154007e-07,0.11649983376264572
630,5081573901.00498,0.026995074919437506,1.7055177181646286e-07,0.18897688388824463
631,5081981557.54617,0.026994534632586976,1.2795071313576045e-07,0.2423023283481598
632,5082225487.768143,0.026994440244571153,5.7305967970933125e-08,0.39705899357795715
633,5083135518.05103,0.02699279781308081,2.9215371455393324e-07,0.09412924945354462
634,5085178747.943926,0.02699161679103749,6.724510370759162e-08,0.2950069308280945
635,5085584984.281477,0.026990756596877562,2.0650517740250507e-07,0.1631101667881012
636,5087898763.892764,0.02698618625637212,1.2401891069657722e-07,0.2505163848400116
637,5088549551.486926,0.02698505704884949,1.1194853755114309e-07,0.2682799696922302
638,5088797788.759921,0.026984780872883064,2.5023169314408733e-07,0.1454239934682846
639,5089196636.966918,0.026982874566691836,2.96208639838369e-07,0.11077965050935745
640,5091256474.093536,0.026981064713245087,2.707502630983072e-07,0.1023826152086258
641,5091508560.6319475,0.02698063377417098,2.1460201082845742e-07,0.11918393522500992
642,5092151384.5659485,0.026979488680977708,1.112424001803447e-07,0.31642746925354004
643,5092400161.691115,0.026973752988010025,3.0002661333128344e-07,0.13797223567962646
644,5093061870.99686,0.026977461210777053,2.631542770359374e-07,0.1359718292951584
645,5091256474.093536,0.026981064713245087,2.707502630983072e-07,0.1023826152086258
646,5091508560.6319475,0.02698063377417098,2.1460201082845742e-07,0.11918393522500992
647,5092151384.5659485,0.026979488680977708,1.112424001803447e-07,0.31642746925354004
648,5092400161.691115,0.026973752988010025,3.0002661333128344e-07,0.13797223567962646
649,5093061870.99686,0.026977461210777053,2.631542770359374e-07,0.1359718292951584
650,5093711285.024083,0.026975429673939764,1.983741100275438e-07,0.14488661289215088
651,5093961704.440917,0.02697537300913896,5.546580084114794e-08,0.4963046908378601
652,5094223007.20197,0.02697464837277525,3.1128780619837926e-07,0.17565439641475677
653,5094615744.393501,0.026973680057776273,2.729961465774977e-07,0.1172441765666008
654,5094860854.262253,0.0269750121510739,8.791717931444509e-08,0.2938900291919708
655,5095767439.434189,0.026972524840942907,1.9627935898824944e-07,0.1743428260087967
656,5096019056.682929,0.02697067527803909,3.033594282442209e-07,0.1153273805975914
657,5096422674.538381,0.026970052234076912,2.579365911969944e-07,0.11304336041212082
658,5096674620.044328,0.026970178762670667,2.4904019824134593e-07,0.12688346207141876
659,5096924945.838375,0.02696890016443194,2.7277025083094486e-07,0.14619243144989014
660,5097569500.068733,0.02696807158379646,2.899753042129305e-07,0.11538971960544586
661,5097821803.215892,0.026966753842669382,2.4686147526153945e-07,0.140512153506279
662,5098469576.102608,0.02696611422593649,3.0582631893594225e-07,0.09448099136352539
663,5098719425.556826,0.0269661131114978,2.746292295796593e-07,0.12197000533342361
664,5099629534.693684,0.026963915751679925,2.0446036330667994e-07,0.10749433189630508
665,5100257929.29617,0.026962872994861893,1.0611569223328843e-07,0.24601025879383087
666,5100553626.719236,0.02696072687201671,2.208511347134845e-07,0.14377127587795258
667,5101423515.0950165,0.026956580501553716,2.2381274789040617e-07,0.11025643348693848
668,5101838207.014343,0.026954430695076137,2.3083877920271334e-07,0.10968179255723953
669,5102086032.465001,0.026953532053130475,1.900610300253902e-07,0.14732466638088226
670,5102335433.406398,0.0269521073241706,7.981360283793038e-08,0.2780640125274658
671,5102730260.977843,0.02694947451775526,1.9361553427188483e-07,0.11282824724912643
672,5102980208.077319,0.02694867787857373,6.047881129234156e-08,0.25875765085220337
673,5103234720.44186,0.02694696205888471,1.380279286422592e-07,0.20326901972293854
674,5103633163.738804,0.026944106072565775,1.7583684552846535e-07,0.15367089211940765
675,5103889166.204534,0.026943162892495744,1.805444611591156e-07,0.15871357917785645
676,5105431309.088273,0.026940369302672403,2.7345151920599164e-07,0.11023271828889847
677,5105726634.835224,0.02694002695676039,1.5439539424733084e-07,0.17933812737464905
678,5105942025.990436,0.02693982248582154,6.638986604912134e-08,0.311434268951416
679,5106377718.922265,0.02693993022554095,1.6821033455016732e-07,0.18928825855255127
680,5106597621.440086,0.026939872747811726,1.2893390533008642e-07,0.1726939082145691
681,5106846709.8941765,0.026939130656306175,1.0520357562882054e-07,0.2039375901222229
682,5107249052.797977,0.026938760953270007,2.918293091624946e-07,0.07576800137758255
683,5107499972.439479,0.026938397075771864,7.297403215034137e-08,0.2739602029323578
684,5107746087.248103,0.026937893758634486,1.308655726006691e-07,0.17965847253799438
685,5108399445.046442,0.026937012002943378,1.9358908787125984e-07,0.13005179166793823
686,5108648226.944941,0.02693589656452792,3.331031166453613e-07,0.1067608967423439
687,5109300337.912978,0.026935190737336592,1.6368731792226754e-07,0.12708786129951477
688,5109554096.97522,0.026934660518552644,2.036739772393048e-07,0.17125658690929413
689,5112663463.982176,0.026933758489802364,1.9686214614011988e-07,0.23310016095638275
690,5112918215.063704,0.026934190318823242,1.0126782257202649e-07,0.31779611110687256
691,5113178491.300583,0.02693446987890949,2.2465883375843987e-07,0.15610042214393616
692,5113812976.582864,0.026934255971574457,1.4211417465048726e-07,0.19694866240024567
693,5114067875.714615,0.026933705004483832,2.1337783095987106e-07,0.13929907977581024
694,5114468340.717868,0.026932384135115617,2.4645464691275265e-07,0.11554799228906631
695,5114718604.688289,0.02693329993573533,3.957899536999321e-07,0.12237239629030228
696,5116529174.80367,0.026930741935258004,1.276721803833425e-07,0.2202339619398117
697,5116775276.985998,0.02693035281210463,1.0437855735290213e-07,0.2148045003414154
698,5117170149.74868,0.026929426829633313,2.9658232847395993e-07,0.10795576125383377
699,5119232708.532018,0.026927021965161106,3.163162318742252e-07,0.11696194857358932
700,5120382600.256339,0.02692360952553298,1.7172007460430905e-07,0.15319609642028809
701,5121040035.2041025,0.026922529822702115,2.1007434725106577e-07,0.10045456141233444
702,5121284832.8980665,0.026921394172640074,1.8643854104993807e-07,0.17961515486240387
703,5121941750.745331,0.026920401125972413,1.990429581155695e-07,0.12530215084552765
704,5122190618.136215,0.026919014785614172,2.545636164086318e-07,0.13467516005039215
705,5122837121.31387,0.026918954643039193,3.591599408991897e-07,0.10865838080644608
706,5123094688.158797,0.026919410717058407,1.5737020930828294e-07,0.21089030802249908
707,5123496430.6710415,0.026919708807759637,2.814775825754623e-07,0.10351665318012238
708,5123749254.617903,0.02692030097205319,2.230494260402338e-07,0.11095048487186432
709,5124655345.385928,0.026919762219229204,1.3388100228439725e-07,0.2194533795118332
710,5124897369.310398,0.026920343732968095,1.1476369365936989e-07,0.21332669258117676
711,5125301154.3008175,0.026920553699555858,2.7240940880801645e-07,0.08438942581415176
712,5125555236.992093,0.02692073893935212,2.2209543715234759e-07,0.10117428749799728
713,5125799103.07994,0.02691994883306601,2.868310104986449e-07,0.11977474391460419
714,5129421412.429664,0.026922871149775946,1.8434430160141346e-07,0.19118474423885345
715,5129817387.537001,0.02692295597850924,2.40072921542378e-07,0.11124161630868912
716,5130078071.060893,0.026923327710557554,7.853353878317648e-08,0.2987348437309265
717,5130316583.07077,0.026923080162638113,2.4173289148166077e-07,0.11660666018724442
718,5130960772.29177,0.026922818385575382,2.178526727902863e-07,0.11288022994995117
719,5131867060.847579,0.026921869401390665,2.3288667705401167e-07,0.162590891122818
720,5133670851.340788,0.026917201944364616,6.433687644857855e-07,0.09858951717615128
721,5135727691.482513,0.026915315138511038,2.660802067566692e-07,0.12508177757263184
722,5137029037.82628,0.026914605909758717,2.5226583488802135e-07,0.09984815865755081
723,5139339096.500032,0.02692544862835821,2.8584904043782444e-07,0.11959143728017807
724,5141790188.644655,0.02693014111049944,1.835170309050227e-07,0.19191531836986542
725,5142701170.794647,0.026928569558218717,1.5424703292410413e-07,0.15429718792438507
726,5142948838.782967,0.02692821226418847,1.477720985576525e-07,0.21991071105003357
727,5145652912.825227,0.02692520962339919,1.4422329286389868e-07,0.23942969739437103
728,5146070835.887269,0.02692741997451385,1.3892758943256922e-07,0.21593967080116272
729,5146322000.056385,0.02692914342586149,9.191435168531825e-08,0.3188190758228302
730,5146563329.955088,0.026930851182035205,8.61874340785107e-08,0.30905213952064514
731,5146997276.774042,0.026933885847068944,1.8658990086350968e-07,0.2493899017572403
732,5147212239.807331,0.026935886658945595,8.861169220608645e-08,0.3030336797237396
733,5147463958.64178,0.026938179220189293,6.08277161973092e-08,0.3401678502559662
734,5148116067.212368,0.026938640824307258,1.7053730516636278e-07,0.08481423556804657
735,5148358995.145807,0.02694101181625738,1.2624607848010783e-07,0.2942136526107788
736,5148771217.43836,0.026939246619403376,2.0977003600819444e-07,0.10841098427772522
737,5149012948.856907,0.02693983163448614,3.2587826126473374e-07,0.10055191069841385
738,5149917971.428587,0.02693693958977875,2.950455950667674e-07,0.10976174473762512
739,5150821871.686973,0.02693458021328625,1.596008871729282e-07,0.15373077988624573
740,5151729321.851527,0.026932849483217853,1.754713849777545e-07,0.15943002700805664
741,5151985344.812186,0.026934219289848817,9.908034570571544e-08,0.24217957258224487
742,5152378197.808991,0.026937454037509495,3.593945052671188e-07,0.09434326738119125
743,5152629251.200629,0.026936455781894783,4.000907267709408e-07,0.13082702457904816
744,5153783617.4456625,0.026935261038755993,1.5646115514300618e-07,0.22802729904651642
745,5157142901.490302,0.02693933040015456,2.0362625718917116e-07,0.21903027594089508
746,5158293500.566427,0.02693806040578302,1.881616924492846e-07,0.1770499050617218
747,5158687563.371488,0.026939154454915952,1.666771538566536e-07,0.1873691976070404
748,5158940481.538305,0.02694080058812582,9.069971440567315e-08,0.3099079132080078
749,5159194312.805911,0.026940624236970672,2.2417168565880274e-07,0.1343291997909546
750,5159854066.911887,0.026939466589752416,1.3931575892911496e-07,0.17273609340190887
751,5160996821.772763,0.026937574927696047,1.608368904726376e-07,0.21420399844646454
752,5161655214.5278,0.026935745072044888,1.9431107034506567e-07,0.15904754400253296
753,5162552446.145146,0.026933749115207368,3.0004738960087707e-07,0.10002315044403076
754,5162803615.690677,0.02693147929959429,2.2058712545458548e-07,0.14401745796203613
755,5164611055.198473,0.02692972508365639,2.541797812227742e-07,0.08725384622812271
756,5165268850.402654,0.02692982695367491,1.8256228884183656e-07,0.20537516474723816
757,5166417123.021211,0.026928003562021734,2.5168870365632756e-07,0.1378188133239746
758,5166816180.034357,0.026926886390635747,2.1519242920930992e-07,0.13629193603992462
759,5167071075.225402,0.02692683903539229,2.3943886162669514e-07,0.12000661343336105
760,5167313617.174722,0.026925987548110594,1.6815793912883237e-07,0.19365577399730682
761,5167723705.727821,0.02692424435973768,2.0765517660947808e-07,0.15394966304302216
762,5168628886.583626,0.02692302760974807,3.7153995435801335e-07,0.11359098553657532
763,5168871474.759934,0.026921863746810132,1.3971192913686536e-07,0.20186159014701843
764,5169130401.81936,0.026920057947298296,1.6039288652791583e-07,0.17100241780281067
765,5169523229.681998,0.02691857824967235,2.127326723666556e-07,0.18404942750930786
766,5169774178.626126,0.026918594078112854,1.0160696461980478e-07,0.33755701780319214
767,5170684002.710371,0.026916267983884683,2.825171918630076e-07,0.1283273994922638
768,5170933440.451738,0.026917083732921416,1.891879151116882e-07,0.13366761803627014
769,5171333299.619542,0.026915748640918075,2.6640330474947405e-07,0.15882818400859833
770,5171586390.039006,0.026916675704532534,6.705138133611399e-08,0.37046563625335693
771,5171834469.4071,0.026916877663946973,7.074446983779126e-08,0.3778158724308014
772,5172232356.451175,0.026916541439874177,1.3470449289343378e-07,0.24515821039676666
773,5172487552.534161,0.02691703969099525,9.466111094980079e-08,0.3220909833908081
774,5172736149.594421,0.026917211394871205,8.735823087135941e-08,0.34956809878349304
775,5173138274.281465,0.02691725188262849,1.3440326540603564e-07,0.19893310964107513
776,5173391629.824724,0.026917781679430434,9.428095637531442e-08,0.2852158546447754
777,5173645259.88905,0.026917075302838593,1.3439736790132883e-07,0.22523748874664307
778,5174039534.494175,0.026916538969818386,1.7472089552938996e-07,0.17483940720558167
779,5174288014.093546,0.026916964973631653,1.198970664972876e-07,0.22534321248531342
780,5174538773.872562,0.026916709073360738,1.305258621187022e-07,0.21790988743305206
781,5174932547.946695,0.02691654783150043,2.60821366282471e-07,0.15001261234283447
782,5175443534.522176,0.026915470524126378,2.1230427194041113e-07,0.15350662171840668
783,5176087411.043345,0.026915444053192766,4.1071569967243704e-07,0.09974513947963715
784,5178799205.18239,0.026912023239135226,1.5758550375721825e-07,0.16241295635700226
785,5179703567.536753,0.02690776372902895,1.2952958172718354e-07,0.2140919417142868
786,5179957639.450213,0.026906990224214965,9.866401029512417e-08,0.3011157810688019
787,5180347502.80038,0.026904040831051728,2.809557884120295e-07,0.11336658149957657
788,5180596421.878852,0.026904040149303643,2.5143012294392975e-07,0.1358887255191803
789,5181261973.202514,0.026903145471800134,3.2608403444100986e-07,0.12002894282341003
790,5181511754.966131,0.026902926132767787,2.705836834593356e-07,0.12289395928382874
791,5181767150.814138,0.02690226092990166,1.1905688523938807e-07,0.2533809244632721
792,5187578885.522514,0.026913478762143353,2.714419338190055e-07,0.12036208063364029
793,5189630804.281499,0.026915603777891206,1.383219938588809e-07,0.20312362909317017
794,5189874172.871243,0.026915912276203924,1.7660619278103695e-07,0.18326784670352936
795,5190284071.628223,0.026916521417168136,3.3658344023024256e-07,0.1338144689798355
796,5190537595.094597,0.026917270609990523,1.0849164056025984e-07,0.27274590730667114
797,5190788905.936188,0.026917008295893732,1.6394251645124314e-07,0.1963287889957428
798,5191184737.3801,0.02691722014606557,3.4372959589745733e-07,0.10452050715684891
799,5191434236.200157,0.026917964069472534,8.225113390381011e-08,0.41128337383270264
800,5191684796.111207,0.02691747886517729,8.058406564259712e-08,0.42603373527526855
801,5192593066.067287,0.02691863568553884,9.780342935528097e-08,0.31940749287605286
802,5192995960.735956,0.026919450558350207,2.818480311361782e-07,0.1261787712574005
803,5193251248.478269,0.026908916991651384,2.650173200891004e-07,0.10078620910644531
804,5199539133.210031,0.02692354563227482,3.490002598027786e-07,0.21646109223365784
805,5204074400.947064,0.026919204781493313,1.5232949124310835e-07,0.14751391112804413
806,5204331486.622649,0.0269180810443492,1.9058755640344316e-07,0.12000832706689835
807,5204726614.685734,0.026916049179911677,2.1555531759531732e-07,0.1253596991300583
808,5204979499.12794,0.026916028014694105,8.897573877675313e-08,0.2225196361541748
809,5205221644.230581,0.02691506622088285,1.0993382204560476e-07,0.22133073210716248
810,5205629943.52485,0.026913392298660882,4.4936518861504737e-07,0.1269274353981018
811,5205871293.053163,0.026913754381248666,2.7963102411376894e-07,0.10641463100910187
812,5206132349.1400175,0.02691182266059923,3.0082267699071963e-07,0.11848184466362
813,5206783367.444695,0.02691194677268424,1.3828784517500026e-07,0.2137502133846283
814,5207039134.19522,0.02691131673311682,1.0934431315945403e-07,0.25848010182380676
815,5207438535.099837,0.02691100698188924,1.5681342802054132e-07,0.1927414983510971
816,5207683580.114711,0.026911763540557312,4.8569571475809425e-08,0.4596661925315857
817,5208582956.545356,0.026910843324911213,8.179636523664158e-08,0.3542557656764984
818,5208829132.609225,0.02691298854681752,9.699315484112958e-08,0.4423328638076782
819,5209233734.783877,0.02691243127690826,3.910281805019622e-07,0.14276976883411407
820,5209497432.190488,0.026911739266998882,1.924366301864211e-07,0.24731214344501495
821,5210394918.560399,0.026908423257377606,1.4990378360835166e-07,0.21605238318443298
822,5211293781.54535,0.026907448745333053,3.159078403314197e-07,0.15855515003204346
823,5212204211.027357,0.026906035569992687,1.5748902626455674e-07,0.14637690782546997
824,5212447170.454731,0.02690484877425699,3.132890924462117e-07,0.11211901903152466
825,5213095771.613682,0.026905980788397614,1.639991324964285e-07,0.2112174928188324
826,5213359287.815561,0.026904851112476584,3.16842715619714e-07,0.10830976068973541
827,5214005668.540428,0.026902739099499678,2.1748138578914222e-07,0.15730613470077515
828,5214254716.102682,0.02690090396165332,2.1070684397272998e-07,0.15071216225624084
829,5215158572.586241,0.0268984735152582,1.6657830315125466e-07,0.18332143127918243
830,5216960326.992785,0.026894351687427,1.184703819490096e-07,0.23485107719898224
831,5217861337.164246,0.026892358435927775,2.990920506817929e-07,0.11870896816253662
832,5218519117.53608,0.026891844524449662,2.3223030609642592e-07,0.11742840707302094
833,5220329979.483313,0.02689044682574355,4.664325388148427e-07,0.1080419272184372
834,5224187862.697647,0.026888257212223574,4.348568154455279e-07,0.09873032569885254
835,5224578608.479364,0.026887645352072678,3.619458652792673e-07,0.11049339920282364
836,5224823221.438665,0.026887993491752946,3.57383953542012e-07,0.10708389431238174
837,5225080274.168886,0.026886944731271952,2.8732202395076456e-07,0.09919796884059906
